track,cos_AB,ovl_AB,cos_AC,ovl_AC,cos_AD,ovl_AD,cos_BC,ovl_BC,cos_BD,ovl_BD,cos_CD,ovl_CD
"A German Spectacle/The What CD/08 We Heard The Tree Fall.mp3",0.0227,0.40,0.0102,0.20,0.9837,0.80,0.9560,0.60,0.0111,0.40,0.0012,0.20
"A Guy Called Gerald/24 Hour Party People O.S.T_/09 Voodoo Ray.mp3",-0.0543,0.00,-0.0621,0.10,0.9875,0.60,0.9822,0.50,-0.0628,0.20,-0.0705,0.20
"ABBA/Gold/01 Dancing Queen.mp3",0.0128,0.20,0.0220,0.30,0.9895,0.40,0.9775,0.50,0.0105,0.20,0.0187,0.30
"ATB/Two Worlds/05 ATB - Feel You Like a River.mp3",-0.0477,0.30,-0.0399,0.40,0.9909,0.60,0.9757,0.60,-0.0420,0.40,-0.0351,0.40
"Absolom/Clubber's Guide to Ninety Nine/14 - Baby Boomers.mp3",-0.0600,0.60,-0.0588,0.70,0.9628,0.60,0.9567,0.70,-0.0555,0.40,-0.0479,0.60
"Adam Ant/80's Wave/08 Goody Two Shoes.mp3",-0.0091,0.60,-0.0046,0.80,0.9934,0.60,0.9754,0.80,-0.0068,0.40,-0.0039,0.50
"Adorable/B side/03 Sunburnt.mp3",-0.0471,0.60,-0.0424,0.70,0.9708,0.70,0.9499,0.70,-0.0446,0.50,-0.0397,0.40
"Afterlife/Caf\u00e9 del Mar_ Dreams Vol. 2/07 - Blue Bar.mp3",0.0389,0.20,0.0348,0.40,0.9658,0.30,0.9551,0.30,0.0237,0.30,0.0192,0.20
"Air/Music for Museum/07 Integration Desintegration.mp3",-0.0500,0.20,-0.0376,0.40,0.9459,0.50,0.9151,0.50,-0.0670,0.30,-0.0523,0.30
"Air/Premier Symptomes/01 Modulor Mix.mp3",0.0209,0.20,0.0160,0.30,0.9652,0.40,0.9568,0.60,0.0290,0.40,0.0252,0.20
"Air/Seven Stars - Single/01 Seven Stars.mp3",-0.0127,0.20,-0.0369,0.10,0.9634,0.50,0.9303,0.50,-0.0182,0.30,-0.0461,0.10
"Air/Sexy Boy [US]/01 Sexy Boy [Radio Edit].mp3",-0.0495,0.30,-0.0342,0.30,0.9731,0.20,0.9715,0.60,-0.0620,0.40,-0.0490,0.10
"Air/Virgin Suicides/09 Afternoon Sister.mp3",-0.0560,0.30,-0.0487,0.50,0.9816,0.60,0.9718,0.50,-0.0592,0.50,-0.0530,0.40
"Alejo Gui/Industrial/04 Industrial.mp3",-0.0359,0.20,-0.0393,0.50,0.8889,0.40,0.8924,0.40,-0.0537,0.40,-0.0479,0.40
"Anne Clark/New Wave Club Class-X Box (Sinners Day 2011)/202 Our Darkness.mp3",-0.0177,0.30,-0.0228,0.30,0.9714,0.20,0.9314,0.40,-0.0109,0.10,-0.0218,0.00
"Anoraak/Indian Summer Mixtape/Indian Summer Mixtape.mp3",-0.0431,0.50,-0.0216,0.40,0.9739,0.50,0.9321,0.50,-0.0321,0.20,-0.0113,0.10
"Anoraak/Summer Ride Mix/Summer Ride Mix.mp3",-0.0253,0.10,-0.0162,0.40,0.9472,0.20,0.9216,0.30,-0.0316,0.30,-0.0285,0.20
"Aphex Twin/Analord 05/01 Reunion 2.mp3",-0.0360,0.30,-0.0376,0.30,0.9664,0.50,0.9685,0.50,-0.0452,0.30,-0.0462,0.20
"Aphex Twin/Analord 06/04 2 Analogue Talks.mp3",-0.0037,0.60,-0.0081,0.70,0.9705,0.90,0.9661,0.70,0.0052,0.70,0.0013,0.70
"Aphex Twin/Cheetah EP/07 2X202-ST5.mp3",0.0334,0.40,0.0214,0.50,0.9879,0.70,0.9828,0.60,0.0255,0.40,0.0130,0.30
"Aphex Twin/Hangable Auto Bulb/07 Every Day.mp3",-0.0599,0.10,-0.0387,0.30,0.9899,0.20,0.9714,0.60,-0.0673,0.20,-0.0445,0.20
"Aphex Twin/Windowlicker/02 Equation.mp3",-0.0649,0.50,-0.0387,0.70,0.9476,0.80,0.9444,0.80,-0.0514,0.50,-0.0241,0.70
"Applied Communications/uhhh sort of/03 it bothers me it bothers you i snore.mp3",-0.0669,0.10,-0.0825,0.30,0.9627,0.40,0.9347,0.50,-0.0656,0.00,-0.0807,0.00
"Architecture in Helsinki/Contact High single/Contact High.mp3",-0.0021,0.40,0.0017,0.50,0.9790,0.30,0.9439,0.70,-0.0152,0.50,-0.0104,0.30
"Audion/Hop Chip - Dj-Kicks/22 Just Fucking (Roman Fl\u00fcgel's 23 Positions In A One-Night Stand Remix).mp3",-0.0354,0.20,-0.0454,0.30,0.9793,0.20,0.9741,0.50,-0.0326,0.50,-0.0412,0.30
"AudraSonic/Unknown Album/AudraSonic 1 (bounce 4).mp3",0.0079,0.40,0.0168,0.60,0.9535,0.70,0.9456,0.40,-0.0217,0.60,-0.0043,0.50
"Autechre/Chiastic Slide/07 Recury.mp3",0.1032,0.60,0.1010,0.50,0.9875,0.70,0.9821,0.80,0.1055,0.80,0.1036,0.60
"Autechre/Incunabula/06 Eggshell.mp3",0.0536,0.40,0.0560,0.50,0.9705,0.60,0.9671,0.50,0.0479,0.50,0.0494,0.40
"Autechre/Quaristice/11 rale.mp3",0.0683,0.50,0.0759,0.50,0.9901,0.70,0.9881,0.80,0.0682,0.50,0.0754,0.50
"Autumn's Grey Solace/Divinian/02. Autumn's Grey Solace - N\u00edfara.flac",-0.0422,0.00,-0.0267,0.00,0.9876,0.60,0.9791,0.60,-0.0377,0.10,-0.0222,0.10
"Autumn's Grey Solace/Riverine/Autumn's Grey Solace - Riverine - 08 - Hollow Girl.flac",-0.0440,0.40,-0.0371,0.40,0.9962,0.70,0.9829,0.90,-0.0447,0.30,-0.0369,0.30
"BT/Ima, Disc 1/04 BT - Embracing The Future (Embracing The Sunshine Mix).mp3",0.0119,0.10,-0.0048,0.00,0.9640,0.30,0.9465,0.40,-0.0029,0.20,-0.0192,0.00
"Baths/Baths/03 Maximalist.mp3",0.0350,0.20,0.0258,0.50,0.9687,0.20,0.9521,0.30,0.0318,0.30,0.0223,0.20
"Beach House/Beach House/09 Heart and Lungs.mp3",-0.0374,0.60,-0.0348,0.60,0.9628,0.60,0.9457,0.70,-0.0407,0.50,-0.0297,0.50
"Beatles/A Hard Day's Night (UK Stereo Ebbets Blue Box)/12 You Can't Do That.mp3",-0.0006,0.40,0.0050,0.50,0.9907,0.60,0.9693,0.60,-0.0040,0.50,0.0012,0.40
"Beatles/Let It Be (UK Stereo Blue Box Ebbetts)/11 For You Blue.mp3",-0.0224,0.50,-0.0312,0.60,0.9899,0.40,0.9748,0.80,-0.0221,0.30,-0.0314,0.30
"Bee Gees/Unknown Album/Stayin Alive.mp3",0.0100,0.30,0.0012,0.30,0.9819,0.60,0.9763,0.80,0.0143,0.30,0.0051,0.30
"Belle & Sebastian/Fold Your Hands Child, You Walk Like A Peasant/07 The Chalet Lines.mp3",-0.0785,0.50,-0.0761,0.50,0.9927,0.60,0.9786,0.70,-0.0729,0.50,-0.0708,0.30
"Bird & Bee/The Bird And The Bee/01 Again & Again.mp3",0.0033,0.50,-0.0102,0.60,0.9744,0.60,0.9355,0.60,-0.0081,0.50,-0.0240,0.60
"Bizaaron/Bizaaron Mix Series Volume 5/Ride Like The Wind.mp3",-0.0243,0.10,-0.0463,0.40,0.9660,0.20,0.9056,0.30,-0.0417,0.10,-0.0620,0.30
"Bjork/Gling Glo/01 Kata Rokka.mp3",-0.0699,0.20,-0.0711,0.10,0.9783,0.50,0.9575,0.70,-0.0675,0.20,-0.0660,0.10
"Bj\u00f6rk/Hyperballad_Enjoy (Mixes)/05 - Hyper-Ballad.mp3",0.0125,0.10,0.0492,0.10,0.9514,0.00,0.9321,0.60,0.0076,0.30,0.0481,0.20
"Bj\u00f6rk/Post/10 Cover Me 1.mp3",0.0032,0.30,0.0174,0.50,0.9572,0.50,0.9335,0.40,-0.0029,0.30,0.0138,0.20
"Black Dog Productions/Bytes/07 Yamemm + (Phil (5)).mp3",-0.0107,0.40,-0.0070,0.30,0.9916,0.60,0.9854,0.70,-0.0140,0.40,-0.0102,0.20
"Black Moth Super Rainbow/Psychic Love Damage EP/02 The Wettest Day.mp3",-0.0268,0.20,-0.0238,0.20,0.9845,0.50,0.9602,0.60,-0.0317,0.30,-0.0262,0.20
"Black Moth Super Rainbow/Windshield Smasher Maxi Single 320 mp3/04 Windshield Smasher (LONGMONT POTION CASTLE Remix).mp3",-0.0517,0.10,-0.0562,0.20,0.9956,0.60,0.9588,0.50,-0.0482,0.10,-0.0498,0.20
"Blackout Allstars, The/Global Basics_ Dance Music for the Millennium/11 - I Like It (D'Ambrosio Club Mix).mp3",-0.0490,0.40,-0.0180,0.50,0.9426,0.30,0.9211,0.80,-0.0455,0.00,-0.0127,0.00
"Blonde Redhead/Unknown Album/01 My Plants Are Dead (GAMES RMX).mp3",0.0048,0.30,0.0242,0.40,0.9826,0.50,0.9706,0.80,0.0096,0.10,0.0312,0.10
"Blood Orange/Coastal Grooves/01-02. Sutphin Boulevard.flac",-0.0021,0.00,-0.0196,0.00,0.9440,0.20,0.9124,0.40,-0.0134,0.20,-0.0346,0.00
"Blood Orange/Cupid Deluxe/05 - It Is What It Is.flac",0.0547,0.40,0.0314,0.60,0.9749,0.50,0.9420,0.70,0.0519,0.50,0.0317,0.50
"Blue Daisy/Space Ex/02 Fall.mp3",0.0084,0.20,0.0118,0.40,0.9933,0.50,0.9918,0.60,0.0102,0.20,0.0137,0.20
"Boards Of Canada/Geogaddi/01 Ready Let's Go.mp3",0.0239,0.30,0.0198,0.60,0.9694,0.60,0.9591,0.70,0.0336,0.60,0.0311,0.70
"Boards Of Canada/In a Beautiful Place Out in the Country/03 In a Beautiful Place Out in the Country.mp3",-0.0067,0.10,-0.0186,0.40,0.9431,0.30,0.9235,0.40,0.0041,0.20,-0.0097,0.20
"Boards Of Canada/Old Tunes Vol. 1 (Side A)/Audiotrack 08 (Side A).mp3",-0.0142,0.30,-0.0179,0.60,0.9742,0.40,0.9723,0.60,-0.0137,0.40,-0.0183,0.30
"Bob Mould/Never Mind The Mainstream_ The Best Of MTV's 120 Minutes, Vol. 1/05 See A Little Light.mp3",0.0188,0.60,0.0220,0.70,0.9939,0.80,0.9790,0.80,0.0170,0.60,0.0199,0.60
"Bochum Welt/Scharlach Eingang/02 Phlughaven Alphard (Kinesthesia Mix).mp3",-0.0175,0.40,-0.0123,0.50,0.9867,0.40,0.9872,0.50,-0.0202,0.40,-0.0132,0.20
"Boy Robot/Rotten Cocktails/05 Bass & Booze.mp3",-0.0370,0.40,-0.0216,0.70,0.9869,0.40,0.9782,0.60,-0.0361,0.40,-0.0204,0.40
"Brainbug/Future Mix, Vol. 1/05 - Nightmare.mp3",-0.0533,0.10,-0.0478,0.30,0.9515,0.20,0.9118,0.40,-0.0569,0.30,-0.0538,0.20
"Brand New Retro/Various Artists - One on Twoism Volume 2/01 Letting Go Of Reality Complete.mp3",-0.0082,0.40,-0.0109,0.40,0.9688,0.40,0.9675,0.80,-0.0094,0.30,-0.0110,0.20
"Brian Eno/Ambient 1 - Music for Airports/02 2 1.mp3",-0.0068,0.30,-0.0068,0.50,0.9821,0.70,0.9836,0.70,-0.0056,0.40,-0.0054,0.50
"Bright Eyes/Christmas/10 Have Yourself A Merry Little C.mp3",-0.0326,0.40,-0.0478,0.60,0.9726,0.50,0.9431,0.70,-0.0318,0.60,-0.0499,0.60
"Broken Bells/Meyrin Fields EP/03 An Easy Life.mp3",-0.0189,0.20,-0.0154,0.40,0.9890,0.50,0.9658,0.60,-0.0104,0.30,-0.0079,0.20
"Brooks/Red Tape/08 Tell Somebody About Us.mp3",0.0125,0.50,0.0009,0.70,0.9874,0.60,0.9687,0.70,0.0039,0.40,-0.0076,0.40
"Camille Saint-Saens/The Carnival of the Animals & Danse macabre - London Sinfonietta Charles Dutoit/01 Introduction and Royal March of the Lion.mp3",-0.0612,0.60,-0.0551,0.50,0.9757,0.70,0.9673,0.60,-0.0632,0.70,-0.0547,0.50
"Candlebox/Candlebox/05 - Far Behind.flac",0.0068,0.40,-0.0095,0.50,0.9639,0.30,0.9075,0.70,-0.0189,0.60,-0.0362,0.50
"Carly Simon/Reflections_ Carly Simon's Greatest Hits/11 Coming Around Again.mp3",0.0310,0.40,0.0230,0.40,0.9916,0.50,0.9749,0.50,0.0269,0.40,0.0184,0.30
"Carole King/Really Rosie/04 Pierre.mp3",-0.0323,0.30,-0.0291,0.50,0.9931,0.60,0.9794,0.70,-0.0279,0.50,-0.0231,0.40
"Carter Burwell/Velvet Goldmine/17 - Velvet Spacetime.mp3",-0.0244,0.50,-0.0142,0.40,0.9634,0.60,0.9702,0.50,-0.0104,0.50,-0.0001,0.30
"Casino Versus Japan/Freescha/04 Dental Fur.mp3",0.0066,0.70,0.0047,0.80,0.9786,0.70,0.9859,0.70,0.0077,0.50,0.0081,0.50
"Casino Versus Japan/Whole Numbers Play The Basics/05 Summer Clip.mp3",0.0558,0.10,0.0427,0.30,0.9877,0.70,0.9779,0.40,0.0622,0.20,0.0485,0.30
"Cathy Davey/Unknown Album/Reuben.mp3",-0.0052,0.10,0.0180,0.30,0.9794,0.70,0.9573,0.50,-0.0019,0.00,0.0198,0.20
"Ceephax Acid Crew/Camelot Arcade/11 - The Great Greatsby.flac",0.0173,0.60,0.0150,0.70,0.9768,0.50,0.9785,0.80,0.0083,0.50,0.0024,0.50
"Ceephax/FUNBOX RECORDS 01/01 ACID TRAVELATOR.mp3",-0.0316,0.20,-0.0390,0.40,0.9425,0.50,0.9172,0.30,-0.0266,0.10,-0.0413,0.20
"Chapterhouse/Whirlpool/06 - April.flac",0.0239,0.40,0.0291,0.70,0.9835,0.50,0.9732,0.60,0.0318,0.50,0.0386,0.50
"Chaser/Yoshiesque/08 - Tall Stories [Pooleys Lars from Mars' Mix].mp3",-0.0270,0.40,-0.0273,0.40,0.9767,0.60,0.9719,0.70,-0.0215,0.40,-0.0206,0.30
"Christof Glowalla/New Deutsch/08 - Erde 80.mp3",-0.0034,0.20,-0.0007,0.40,0.9881,0.40,0.9782,0.60,0.0079,0.60,0.0090,0.50
"Chrome Canyon/Elemental Themes _/01 Branches.mp3",0.0540,0.10,0.0431,0.10,0.9812,0.40,0.9685,0.60,0.0475,0.50,0.0357,0.20
"Chrome Caynon/Shinanigans/01 Midnight Success.mp3",0.0099,0.60,-0.0030,0.50,0.9766,0.70,0.9631,0.60,0.0106,0.50,-0.0089,0.40
"Circlesquare/7 Minutes And Shiny Star Remix/01 7 Minutes (Patrick Wolf remix).mp3",0.0018,0.20,-0.0102,0.30,0.9858,0.70,0.9690,0.50,-0.0093,0.30,-0.0185,0.20
"Citizens For A Better America/Go Away Paris Hilton Vinyl/01 Go Away Paris Hilton (Voodoo & Serano Mix).mp3",-0.0547,0.10,-0.0444,0.20,0.9832,0.40,0.9315,0.50,-0.0545,0.30,-0.0486,0.30
"Citizens!/Unknown Album/True Romance (Gigamesh Remix).mp3",0.0060,0.60,-0.0086,0.60,0.9797,0.40,0.9695,0.70,-0.0065,0.40,-0.0192,0.40
"Clark/Turning Dragon/01 New Year Storm.mp3",-0.0001,0.30,-0.0142,0.30,0.9468,0.60,0.9245,0.80,-0.0127,0.50,-0.0150,0.30
"Clash/London Calling/17 I'm Not Down.mp3",0.0154,0.50,0.0192,0.50,0.9955,0.70,0.9827,0.90,0.0064,0.40,0.0096,0.40
"Club 69/Clubber's Guide to Ninety Nine/02 - Always Unique.mp3",-0.0483,0.90,-0.0614,0.90,0.9845,0.80,0.9828,0.90,-0.0446,0.80,-0.0593,0.70
"Club 69_Fire Island_Loleatta Holloway/Future Mix, Vol. 1/07 - Shout to the Top!.mp3",-0.0031,0.50,-0.0167,0.60,0.9609,0.70,0.9666,0.80,0.0155,0.50,0.0003,0.50
"Cocteau Twins/Sunburst and Snowblind/03 Cocteau Twins - Hitherto.mp3",0.0567,0.20,0.0546,0.20,0.9900,0.70,0.9801,0.70,0.0539,0.10,0.0531,0.10
"Coil/Moon's Milk (In Four Phases) B/copal.mp3",0.0059,0.40,0.0035,0.70,0.9611,0.40,0.9602,0.60,-0.0189,0.60,-0.0155,0.50
"Com Truise/Silicon Tare/04 Silicon Tare.mp3",-0.0044,0.40,-0.0093,0.50,0.9852,0.60,0.9705,0.70,-0.0175,0.70,-0.0207,0.40
"Commix/Exit Records Presents - Mosaic Vol. 1/2-12 City Section.mp3",-0.0078,0.30,-0.0049,0.30,0.9943,0.40,0.9851,0.80,-0.0055,0.30,-0.0045,0.20
"Compilations/24 Hour Party People O.S.T_/05 Janie Jones.mp3",-0.0564,0.40,-0.0507,0.50,0.9919,0.70,0.9665,0.60,-0.0595,0.30,-0.0504,0.40
"Compilations/Exit Music_ Songs With Radio Heads/09 National Anthem.mp3",-0.0773,0.20,-0.0574,0.20,0.9709,0.50,0.9548,0.50,-0.0782,0.30,-0.0584,0.20
"Compilations/IDMForums001/08 Testarossa.mp3",-0.0208,0.50,-0.0339,0.40,0.9513,0.50,0.9472,0.60,-0.0350,0.40,-0.0508,0.20
"Compilations/Merck Mix 1, Spring 2003/24 Cee.mp3",-0.0123,0.30,-0.0185,0.40,0.9917,0.70,0.9846,0.60,-0.0169,0.30,-0.0237,0.40
"Compilations/Solid Steel Radio Show/13-06-07-02.mp3",-0.0639,0.20,-0.0335,0.50,0.9426,0.20,0.8767,0.30,-0.0414,0.30,-0.0026,0.20
"Compilations/Steppas' Delight_ Dubstep Present to Future/1-04 Intensive Snare (ft. Skepta).mp3",0.0836,0.40,0.0518,0.50,0.9775,0.90,0.9595,0.80,0.0709,0.50,0.0374,0.60
"Compilations/Trojan UK Hits/09 Snoopy Versus the Red Baron.mp3",-0.0191,0.20,-0.0227,0.30,0.9915,0.50,0.9896,0.70,-0.0197,0.30,-0.0247,0.30
"Cranes/Future Songs/11 the maker of heavenly trousers.mp3",0.0464,0.50,0.0350,0.50,0.9788,0.40,0.9399,0.70,0.0318,0.10,0.0199,0.10
"Creedence Clearwater Revival/Willy and the Poor Boys/10 Effigy.mp3",-0.0103,0.20,-0.0090,0.30,0.9915,0.60,0.9729,0.60,-0.0178,0.40,-0.0167,0.20
"Crystal Castles/Crystal Castles (2010)/02 Celestica.mp3",-0.0334,0.40,-0.0128,0.40,0.9784,0.60,0.9611,0.70,-0.0423,0.20,-0.0191,0.20
"Culture Club/The Best 80s Modern Rock Album...Ever! (Disk 2)/07 Do You Really Want To Hurt Me.mp3",-0.0064,0.40,0.0161,0.60,0.9422,0.20,0.9538,0.70,0.0085,0.20,0.0285,0.20
"Cure, The/The X-Files_ The Album/08 - More Than This.mp3",0.0163,0.30,-0.0173,0.30,0.9616,0.60,0.9528,0.40,0.0003,0.30,-0.0309,0.20
"DJ Real Juicy/Culture Bully Presents_ 2010 Mashed/1-03 I'm the Shit (Gucci Mane vs. Rusko mashup).mp3",-0.0054,0.40,-0.0030,0.20,0.9899,0.80,0.9769,0.60,-0.0068,0.30,-0.0040,0.10
"DJ Riko/Unknown Album/Whistler's Delight (Full Version).mp3",0.0078,0.10,0.0199,0.20,0.9613,0.30,0.9162,0.60,0.0101,0.20,0.0219,0.10
"DJ Shadow/Endtroducing..._/02 Building Steam With A Grain Of Salt.mp3",-0.0451,0.20,-0.0447,0.30,0.9476,0.30,0.9540,0.30,-0.0311,0.30,-0.0279,0.10
"DR777/The Quantum Superposition/04 Cosmos.mp3",-0.0452,0.20,-0.0527,0.40,0.9839,0.60,0.9634,0.60,-0.0434,0.40,-0.0511,0.50
"Daedelus/Bespoke/01 Tailor-Made featuring Milosh.mp3",-0.0424,0.30,-0.0195,0.20,0.9800,0.40,0.9463,0.60,-0.0410,0.10,-0.0190,0.00
"Daft Punk/Random Access Memories/12 Doin' it Right.mp3",-0.0017,0.10,-0.0139,0.20,0.9803,0.50,0.9727,0.70,0.0106,0.10,-0.0013,0.10
"Dan Deacon/America/02 True Thrush.mp3",0.0140,0.20,-0.0031,0.40,0.9417,0.60,0.9304,0.40,0.0215,0.20,0.0008,0.30
"Dandy Warhols/_..Earth To The Dandy Warhols.._/06 Talk Radio.mp3",-0.0018,0.60,0.0089,0.40,0.9812,0.60,0.9647,0.60,0.0048,0.60,0.0152,0.50
"Dangerous Minds/Future Mix, Vol. 1/10 - Live in Unity.mp3",-0.0208,0.50,-0.0087,0.60,0.9740,0.80,0.9601,0.90,-0.0216,0.60,-0.0119,0.60
"Daniel Lopatin/Uncut Gems (Original Motion Picture Soundtrack)/Daniel Lopatin - Uncut Gems - Original Motion Picture Soundtrack - 08 - Fuck You Howard.flac",0.0278,0.30,0.0271,0.50,0.9805,0.50,0.9712,0.70,0.0297,0.20,0.0250,0.40
"Darius Milhaud/Festival Dada Paris/02 Soir\u00e9e Du Coeur A Barbe - Th\u00e9\u00e2tre Michel 6 July 1923 - Caramel Mou (Shimmy).mp3",0.0204,0.80,0.0140,0.90,0.9935,0.90,0.9836,0.80,0.0283,0.80,0.0224,0.90
"David August/Electronic Groove Card/107 Instant Harmony (Original Mix).mp3",0.0198,0.40,0.0342,0.40,0.9740,0.40,0.9782,0.80,0.0065,0.30,0.0207,0.30
"David Behrman (With Gordon Mumma)/The Wire 20 Years 1982-2002_ Audio Issue/09 Players With Circuits.mp3",0.0566,0.70,0.0392,0.80,0.8974,0.60,0.9355,0.80,0.0714,0.70,0.0457,0.60
"David Bowie/Tonight/01 Blue Jean.mp3",-0.0008,0.40,0.0087,0.50,0.9836,0.50,0.9622,0.60,-0.0113,0.30,-0.0048,0.30
"David Essex/Unknown Album/Rock On [Karaoke].mp3.mp3",0.0017,0.20,0.0010,0.30,0.9863,0.50,0.9721,0.60,-0.0057,0.20,-0.0069,0.20
"Dead Can Dance/The Serpent's Egg/05 In The Kingdom Of The Blind.mp3",0.0115,0.60,0.0028,0.60,0.9783,0.60,0.9761,0.60,0.0049,0.50,-0.0030,0.40
"Dead Can Dance/Unknown Album/Mirror (with Bjork).mp3",-0.0207,0.60,-0.0405,0.40,0.9807,0.60,0.9758,0.40,-0.0186,0.40,-0.0364,0.30
"Dead Or Alive/Unknown Album/You Spin Me Right Round.mp3",-0.0418,0.40,-0.0266,0.40,0.9920,0.50,0.9824,0.60,-0.0450,0.30,-0.0314,0.20
"Dean Wareham & Britta Phillips/Mistress America (Original Motion Picture Soundtrack)/01 Mistress America.mp3",0.0153,0.10,0.0224,0.30,0.9943,0.60,0.9883,0.60,0.0151,0.30,0.0225,0.30
"Death In Vegas/Satan's Circus/03 Girls.flac",0.0406,0.40,0.0436,0.40,0.9832,0.40,0.9623,0.70,0.0327,0.30,0.0335,0.30
"Delarosa And Asora/Agony Part 1/07 Paz Suite 1.mp3",-0.0697,0.30,-0.0779,0.50,0.9521,0.30,0.9539,0.50,-0.0705,0.10,-0.0821,0.20
"Delorean/Subiza/01 Stay Close.mp3",-0.0069,0.00,-0.0214,0.30,0.9876,0.40,0.9696,0.60,-0.0182,0.00,-0.0330,0.10
"Depeche Mode/Playing The Angel/11 Lilian.mp3",-0.0314,0.10,-0.0339,0.30,0.9878,0.60,0.9791,0.40,-0.0398,0.00,-0.0439,0.00
"Dirty White Boy/Twist This Pussy/13 - Triple XXX Porn.mp3",-0.0770,0.70,-0.0783,0.70,0.9915,0.60,0.9772,0.70,-0.0731,0.50,-0.0756,0.50
"Discoverer/Personal Clone (Single)/01 Personal Clone.mp3",0.0646,0.60,0.0463,0.40,0.9522,0.70,0.9296,0.40,0.0674,0.50,0.0590,0.40
"Dominik Eulberg/Hop Chip - Dj-Kicks/13 Der Buchdrucker.mp3",-0.0415,0.30,-0.0473,0.50,0.9682,0.50,0.9619,0.60,-0.0451,0.30,-0.0508,0.30
"Dominique/Electronic Groove Card/101 He Said (Vinyl Version).mp3",-0.0583,0.40,-0.0710,0.40,0.9815,0.70,0.9565,0.70,-0.0631,0.50,-0.0755,0.40
"Donovan/Donovan's Greatest Hits/11 Season of the witch.mp3",-0.0406,0.30,-0.0376,0.30,0.9856,0.60,0.9831,0.80,-0.0329,0.30,-0.0317,0.30
"Dreams West/12_56/05 Omni Island.mp3",0.0004,0.40,0.0153,0.50,0.9830,0.30,0.9781,0.70,0.0073,0.60,0.0190,0.50
"Dubtribe Sound System/Unknown Album/Wednesday Night.mp3",-0.0456,0.10,-0.0485,0.10,0.9054,0.10,0.9185,0.30,-0.0585,0.10,-0.0516,0.00
"Duke/Groove Radio International Presents_ House/09 - So In Love With You (Full Intention Mix).mp3",-0.0211,0.40,-0.0354,0.30,0.9818,0.40,0.9579,0.60,-0.0223,0.20,-0.0373,0.10
"Duran Duran/Duran Duran (Remastered)/08 Friends Of Mine.mp3",0.0054,0.20,0.0054,0.30,0.9893,0.40,0.9756,0.60,0.0100,0.30,0.0098,0.30
"EMF/Unknown Album/You're Unbelievable.mp3",-0.0250,0.10,-0.0163,0.10,0.9894,0.70,0.9798,0.60,-0.0223,0.00,-0.0125,0.10
"EYELINER/BUY NOW/10 Private Hospital.mp3",0.0048,0.40,0.0075,0.50,0.9893,0.80,0.9746,0.80,0.0006,0.40,0.0058,0.50
"Eagles of Death Metal/Death by Sexy/11 Eagles Goth.mp3",-0.0204,0.30,-0.0125,0.50,0.9830,0.70,0.9692,0.60,-0.0335,0.20,-0.0243,0.30
"Echowest/New Deutsch/10 - Engelst\u00fcr.mp3",-0.0486,0.00,-0.0545,0.30,0.9565,0.30,0.9487,0.50,-0.0307,0.10,-0.0303,0.10
"Eclipse 8/Global Underground 003_ San Francisco/05 - Acoustic Principles.mp3",-0.0865,0.20,-0.0825,0.40,0.9647,0.30,0.9676,0.80,-0.0822,0.40,-0.0785,0.40
"Enik/Without A Bark/1-02 How To Destroy.mp3",0.0221,0.00,0.0272,0.50,0.9655,0.30,0.9139,0.00,0.0154,0.20,0.0253,0.00
"Entity/OneMinuteMassacre v1/15 Entity.mp3",0.0072,0.20,0.0005,0.40,0.9783,0.40,0.9670,0.40,0.0074,0.30,0.0020,0.00
"Equip/Cursebreaker X/3 - EQUIP - Cemetery Moonglow (In the Cold Air of the Night).flac",-0.0068,0.40,-0.0057,0.30,0.9894,0.50,0.9811,0.60,-0.0028,0.30,-0.0016,0.20
"Erasure/Ne-EP/Erasure - Ne-EP - 01 - Time (Hearts Full of Love).flac",-0.0306,0.30,-0.0180,0.40,0.9911,0.70,0.9739,0.60,-0.0299,0.30,-0.0172,0.30
"Erasure/Pop! The First 20 Hits/05 It Doesn't Have To Be.mp3",-0.0072,0.10,0.0129,0.10,0.9793,0.70,0.9516,0.50,-0.0038,0.10,0.0137,0.00
"Eric Serra/The Fifth Element - Soundtrack/12 Badaboom.mp3",0.0224,0.40,0.0266,0.60,0.9870,0.70,0.9770,0.70,0.0126,0.50,0.0158,0.40
"Erika Eigen/Stanley Kubrick's A Clockwork Orange (Music from the Soundtrack)/11 - I Want To Marry A Lighthouse Keeper.mp3",-0.0746,0.40,-0.0744,0.40,0.9898,0.70,0.9872,0.80,-0.0687,0.60,-0.0685,0.50
"Expansion/Global Underground_ Buenos Aires/08 - Feel.mp3",-0.1017,0.40,-0.0867,0.30,0.9638,0.40,0.9445,0.60,-0.0842,0.30,-0.0669,0.00
"FC Kahuna/Signature Series, Vol. 1_ Greatest Remixes/04 - What Is Kahuna_ (Fatboy Slim's _Smell The Kahuna_ Mix).mp3",-0.0060,0.40,0.0151,0.60,0.9804,0.40,0.9574,0.40,-0.0225,0.30,-0.0001,0.40
"FC Kahuna/This Is Tech-Pop_ 21st Century Electro and New Wave/15 - Machine Says Yes.mp3",0.0340,0.20,0.0290,0.40,0.9669,0.30,0.9315,0.40,0.0398,0.40,0.0349,0.40
"Falco/The Edge Level 2 Disc 2/Der Kommissar.mp3",-0.0272,0.40,-0.0293,0.40,0.9866,0.30,0.9632,0.80,-0.0148,0.60,-0.0173,0.50
"Familjen/H\u00f6g Luft/H\u00f6g luft (The Field rmx).mp3",-0.0153,0.10,-0.0234,0.30,0.9926,0.40,0.9866,0.70,-0.0201,0.30,-0.0279,0.40
"Fatboy Slim/CD-Singel/Gangster Trippin.mp3",0.0171,0.50,0.0315,0.40,0.9499,0.70,0.9036,0.70,0.0057,0.40,0.0236,0.30
"Fatboy Slim_Ashley Slater/Halfway Between the Gutter and the Stars/07 - Retox.mp3",-0.0546,0.40,-0.0593,0.50,0.9601,0.70,0.9515,0.50,-0.0393,0.20,-0.0387,0.30
"Fleetwood Mac/Tusk/3-12 That's Enough for Me (9_29_78 Version).mp3",-0.0152,0.40,-0.0028,0.40,0.9860,0.60,0.9725,0.60,-0.0364,0.50,-0.0210,0.40
"Foetus/Blow/03 Victim or Victor - Jay Wasco mix.mp3",-0.0224,0.30,-0.0389,0.50,0.9580,0.30,0.8862,0.40,-0.0274,0.30,-0.0363,0.30
"Foo Fighters/The X-Files_ The Album/03 - Walking After You.mp3",0.0092,0.40,0.0168,0.40,0.9934,0.60,0.9838,0.60,0.0101,0.30,0.0188,0.20
"For Love Not Lisa/The Crow Original Motion Picture Soundtrack/10 Slip Slide Melting.mp3",-0.0341,0.60,-0.0389,0.80,0.9920,0.70,0.9613,0.80,-0.0255,0.60,-0.0296,0.70
"Ford & Lopatin/Channel Pressure/2-02 Emergency Room (Instrumental version).mp3",-0.0019,0.20,-0.0102,0.30,0.9903,0.50,0.9797,0.80,-0.0044,0.30,-0.0124,0.40
"Ford & Lopatin/Emergency Room/01 Emergency Room.mp3",0.0419,0.40,0.0332,0.40,0.9925,0.50,0.9752,0.70,0.0365,0.60,0.0297,0.40
"Fred Bartley/FJB Mix 2003/Spider Disco.mp3",-0.0370,0.50,-0.0440,0.60,0.9753,0.40,0.9527,0.70,-0.0455,0.50,-0.0548,0.40
"Freescha/Freeschaland/12 Slo-Peeq.mp3",-0.0168,0.20,-0.0242,0.20,0.9940,0.70,0.9903,0.60,-0.0232,0.20,-0.0288,0.20
"Freescha/Unknown Album/my first robot.mp3",0.0286,0.50,0.0253,0.50,0.9629,0.50,0.9600,0.80,0.0146,0.50,0.0165,0.50
"French Kicks/'S-T'/04 So Many Cakes.mp3",-0.0427,0.40,-0.0344,0.50,0.9882,0.60,0.9763,0.70,-0.0465,0.30,-0.0349,0.30
"Fun Fun/Unknown Album/Color My Love (Instrumental).mp3",0.0088,0.20,0.0136,0.40,0.9763,0.50,0.9837,0.60,-0.0051,0.10,-0.0020,0.20
"Funkst\u00f6rung/Disconnected Promo/06 The Zoo.mp3",0.0303,0.40,0.0363,0.70,0.9641,0.70,0.9468,0.50,0.0418,0.40,0.0478,0.70
"G. Gunn/Tool/01 Music_Visualization_Update.9.2.mp3",0.0319,0.30,0.0226,0.50,0.9621,0.30,0.9366,0.40,0.0416,0.20,0.0321,0.20
"GOLDEN LIVING ROOM/NEW NOSTALGIA/10 LOST IN YR PROCESSOR.mp3",-0.0390,0.40,-0.0288,0.40,0.9971,0.70,0.9922,0.80,-0.0425,0.30,-0.0327,0.30
"Gary Numan/The Best 80s Modern Rock Album...Ever! (Disk 2)/01 Cars.mp3",0.0161,0.30,0.0087,0.40,0.9899,0.50,0.9835,0.50,0.0088,0.30,0.0020,0.20
"Gatekeeper/Skull Disco - Soundboy Punishments (Disc 1)/09 Tomb.mp3",-0.0257,0.40,-0.0312,0.70,0.9732,0.60,0.9626,0.60,-0.0186,0.40,-0.0268,0.40
"Geinoh Yamashirogumi/AKIRA - Original Sound Track/02 Battle Against Clown.mp3",-0.0202,0.30,-0.0151,0.40,0.9715,0.50,0.9560,0.60,-0.0310,0.30,-0.0238,0.20
"Geinoh Yamashirogumi/AKIRA Symphonic Suite/01-geinoh_yamashirogumi-kaneda.flac",-0.0268,0.40,-0.0417,0.50,0.9752,0.70,0.9373,0.60,-0.0243,0.30,-0.0469,0.40
"George Clanton/100% Electronica/06 Bleed.mp3",0.0594,0.20,0.0439,0.50,0.9820,0.60,0.9479,0.50,0.0671,0.30,0.0493,0.50
"Georges Ribemont-Dessaigne/Festival Dada Paris/05 Festival Dada - Salle Gaveau 26 May 1920 - Le Nombril Interlope.mp3",0.0278,0.80,0.0125,0.90,0.9825,0.90,0.9747,0.80,0.0378,0.80,0.0237,0.90
"Global Graffiti/Latin_ Caribbean & Flamenco Vol 01/12 Dance Of Pasaro.mp3",-0.0417,0.50,-0.0277,0.40,0.9876,0.50,0.9769,0.40,-0.0446,0.50,-0.0304,0.20
"Go Periscope/Culture Bully Presents_ 2010 Mashed/1-02 Black & Yellow (Wiz Khalifa vs. Alphaville mashup).mp3",0.0064,0.30,0.0063,0.20,0.9893,0.60,0.9819,0.80,0.0100,0.30,0.0089,0.20
"Gogol Bordello/Gypsy Punks_ Underdog World Strike/02 Never Young.mp3",-0.0439,0.40,-0.0553,0.70,0.9220,0.20,0.8877,0.40,-0.0300,0.40,-0.0394,0.40
"Golden Boy_Miss Kitten/This Is Tech-Pop_ 21st Century Electro and New Wave/12 - Rippin Kittin.mp3",-0.0376,0.50,-0.0425,0.50,0.9758,0.50,0.9616,0.80,-0.0521,0.40,-0.0581,0.30
"Gorillaz/Gorillaz/02 5_4.mp3",-0.0068,0.30,-0.0105,0.60,0.9746,0.70,0.9269,0.50,0.0144,0.40,0.0079,0.50
"Gotye/Making mirrors/04 Somebody that I used to know.mp3",-0.0263,0.20,-0.0294,0.20,0.9867,0.50,0.9510,0.60,-0.0288,0.20,-0.0321,0.10
"Grandaddy/The Sophtware Slump/01 He's Simple, He's Dumb, He's The Pilot.mp3",0.0063,0.50,-0.0056,0.40,0.9492,0.40,0.9544,0.70,-0.0026,0.30,-0.0100,0.10
"Grant Lee Buffalo/Somewhat Goth Mix/16 Mockingbird.mp3",0.0401,0.20,0.0372,0.20,0.9507,0.50,0.9531,0.70,0.0462,0.30,0.0469,0.20
"Grimes/Unknown Album/Crystal Ball (Young Galaxy Remix).mp3",-0.0354,0.20,-0.0347,0.50,0.9729,0.30,0.9541,0.50,-0.0232,0.10,-0.0217,0.20
"Grouper/A I A _ Dream Loss/07 A Lie.mp3",-0.1477,0.50,-0.1247,0.60,0.9916,0.80,0.9718,0.60,-0.1421,0.50,-0.1202,0.50
"Gus Gus/Gus Gus Vs. T-World/02 Northern Lights.mp3",-0.0389,0.20,-0.0232,0.40,0.9753,0.30,0.9720,0.60,-0.0290,0.30,-0.0142,0.20
"Gustavo Santaolalla/The Last of Us/29 The Path (A New Beginning).mp3",0.0429,0.30,0.0340,0.50,0.9905,0.60,0.9662,0.70,0.0379,0.40,0.0276,0.40
"HAIM/Days Are Gone/HAIM_Days Are Gone_01-02_Forever.flac",-0.0005,0.40,0.0013,0.50,0.9625,0.30,0.9315,0.40,-0.0097,0.30,-0.0038,0.30
"Harold Budd/Luxa/09 How Dark the Responceto Our Slipping Away.mp3",0.0188,0.40,0.0136,0.60,0.9757,0.80,0.9779,0.70,0.0364,0.50,0.0270,0.50
"Haunted House/Tangent 2002_ Disco Nouveau/10 Mat-101.mp3",-0.0274,0.50,-0.0178,0.60,0.9756,0.60,0.9683,0.70,-0.0217,0.50,-0.0118,0.40
"Her Space Holiday/Audio Astronomy/09 Skyliner.mp3",-0.0237,0.50,-0.0201,0.40,0.9571,0.70,0.9511,0.70,-0.0249,0.40,-0.0184,0.40
"Her Space Holiday/Silent Films/03 The Unbelievable Broadcast.mp3",-0.0567,0.10,-0.0598,0.20,0.9816,0.50,0.9460,0.60,-0.0551,0.20,-0.0580,0.10
"Herbert/Parts in the Post/08 - Foreign Bodies.mp3",-0.0475,0.10,-0.0563,0.40,0.9735,0.60,0.9395,0.50,-0.0599,0.20,-0.0700,0.10
"Hooverphonic/A New Stereophonic Sound Spectacular/02 2 Wicky.mp3",0.0284,0.40,0.0300,0.30,0.9791,0.50,0.9551,0.60,0.0221,0.40,0.0254,0.30
"Hot Chip/Hop Chip - Dj-Kicks/07 My Piano (Dj-Kicks).mp3",-0.0120,0.20,0.0046,0.40,0.9882,0.50,0.9718,0.60,-0.0200,0.10,-0.0033,0.30
"Illuminatus/Global Underground 003_ San Francisco/03 - Hope.mp3",-0.0408,0.20,-0.0391,0.50,0.9831,0.30,0.9810,0.30,-0.0415,0.70,-0.0420,0.20
"Ima Robot/Ima Robot Demos/02 Twist & Shout.mp3",-0.0612,0.20,-0.0425,0.30,0.9879,0.50,0.9386,0.60,-0.0562,0.30,-0.0420,0.20
"Indigo/Exit Records Presents - Mosaic Vol. 1/2-13 Time.mp3",-0.0272,0.30,-0.0042,0.50,0.9565,0.60,0.9466,0.40,-0.0287,0.20,-0.0082,0.20
"Interpol/Our Love To Admire/03 The Scale.mp3",-0.0001,0.30,0.0055,0.50,0.9894,0.60,0.9678,0.80,0.0039,0.30,0.0121,0.40
"Interpol/Turn on the Bright Lights/03 NYC.mp3",0.0091,0.30,0.0026,0.40,0.9864,0.70,0.9718,0.80,0.0076,0.30,0.0038,0.40
"JMJ_Flytronix/DJ-Kicks/06 - In Too Deep.mp3",-0.0091,0.40,-0.0031,0.50,0.9543,0.70,0.9611,0.50,-0.0111,0.40,-0.0033,0.40
"James/Album/05 Born of Frustration.mp3",-0.0104,0.50,-0.0062,0.40,0.9857,0.60,0.9707,0.70,-0.0229,0.50,-0.0176,0.30
"Jamie xx/Loud Places (Remixes)/03 Loud Places [Barnt E-Mix] (feat. Jamie xx (feat. Romy)).mp3",0.0370,0.00,0.0356,0.30,0.9590,0.20,0.9504,0.40,0.0195,0.30,0.0232,0.30
"Jason Jinx/Yoshiesque/03 - The N.Y. Experience (Jinx Super Chunk Mix).mp3",-0.0130,0.40,-0.0366,0.40,0.9764,0.40,0.9743,0.70,0.0023,0.40,-0.0202,0.50
"Jean Michel Jarre/Oxygene (New Master Recording)/05 Oxygene (Part V).mp3",0.0097,0.40,-0.0017,0.60,0.9816,0.70,0.9701,0.70,-0.0021,0.30,-0.0145,0.40
"Jeffish/Best in Show/We Both Love Soup.mp3",0.0165,0.30,0.0262,0.30,0.9786,0.40,0.9724,0.60,0.0187,0.20,0.0250,0.20
"Jeffish/MASH THAT/All That Jeff Wants.mp3",0.0040,0.10,-0.0037,0.10,0.9514,0.20,0.8769,0.30,-0.0288,0.00,-0.0312,0.00
"Jeffrey Crouse/Jeffrey Crouse's Album/What a Fool Believes.mp3",-0.0216,0.20,-0.0211,0.20,0.9727,0.50,0.9682,0.60,-0.0021,0.00,-0.0020,0.00
"Jellica/Da Chip (Bonus Tracks)/Phoenix (Daft Punk Cover).mp3",0.0740,0.50,0.0854,0.60,0.9808,0.40,0.9765,0.60,0.0747,0.50,0.0834,0.40
"Jewel/Unknown Album/Who Will Save Your Soul [Karao.mp3",-0.0007,0.10,0.0062,0.20,0.9892,0.40,0.9907,0.50,0.0017,0.20,0.0090,0.20
"Joe Frank/Unknown Album/Karma Part 6.mp3",-0.0222,0.20,-0.0303,0.40,0.9514,0.30,0.9583,0.60,-0.0262,0.20,-0.0360,0.10
"John Adams/Concerto pour violon (1993)/Chaconne _ Body through which the dream flows.mp3",-0.0162,0.60,-0.0163,0.50,0.9872,0.60,0.9796,0.80,-0.0109,0.50,-0.0107,0.40
"John Cage/Sonatas and Interludes for Prepared Piano/06 sonata-v.mp3",-0.0850,0.60,-0.0900,0.70,0.9830,0.80,0.9769,0.80,-0.0775,0.80,-0.0809,0.70
"John Carpenter/Unknown Album/01 Halloween Theme.mp3",0.0170,0.40,0.0329,0.50,0.9897,0.70,0.9787,0.70,0.0170,0.30,0.0316,0.40
"Jon Hopkins/Immunity/06 - Form by Firelight - Jon Hopkins.flac",-0.0156,0.10,0.0110,0.30,0.9694,0.30,0.9695,0.70,-0.0091,0.40,0.0189,0.20
"Judi Chicago/Judi Chicago/02 Good For Your Neighbourhood.mp3",-0.0299,0.20,-0.0174,0.20,0.9678,0.50,0.9561,0.60,-0.0322,0.30,-0.0172,0.00
"Julee Cruise/Floating Into The Night/06 Into The Night.mp3",0.0188,0.40,0.0020,0.50,0.9845,0.60,0.9617,0.40,0.0142,0.40,-0.0014,0.30
"Junior Boys/So This Is Goodbye/07 Like A Child.mp3",-0.0360,0.10,-0.0204,0.20,0.9752,0.40,0.9636,0.60,-0.0320,0.10,-0.0165,0.20
"Justice VS Trillville/Small Fries/Phantom Lever (Fresh Fried Fries Mixup).mp3",-0.0184,0.30,-0.0275,0.30,0.9753,0.50,0.9620,0.90,-0.0275,0.30,-0.0342,0.30
"Justice/New Lands/04 New Lands (A-Trak Remix).mp3",-0.0041,0.30,-0.0088,0.60,0.9787,0.30,0.9565,0.50,-0.0238,0.40,-0.0316,0.30
"Justice/On'n'On/1-06 On'n'On (Video Village Remix).mp3",0.0146,0.20,0.0133,0.30,0.9674,0.60,0.9283,0.50,0.0038,0.40,0.0028,0.40
"Kasso/Back To Mine - R\u00f6yksopp/03 One More Round.mp3",-0.0326,0.60,0.0005,0.70,0.9681,0.50,0.9646,0.80,-0.0446,0.40,-0.0062,0.40
"Kate Bush/Lionheart/02 In Search Of Peter Pan.mp3",-0.0570,0.70,-0.0514,0.60,0.9838,0.60,0.9716,0.70,-0.0515,0.60,-0.0468,0.70
"Kate Bush/Unknown Album/Cloudbusting [Karaoke].mp3",-0.0383,0.30,-0.0402,0.30,0.9867,0.30,0.9751,0.70,-0.0401,0.20,-0.0400,0.20
"KlockHaus/Unknown Album/TRI\u0394NGLE.mp3",0.0331,0.30,0.0525,0.30,0.9814,0.50,0.9782,0.60,0.0311,0.50,0.0497,0.30
"Koolaking/Parts in the Post/06 - One Latin.mp3",0.0142,0.20,-0.0000,0.50,0.9782,0.50,0.9659,0.50,0.0002,0.10,-0.0116,0.20
"LFO (Lyte Funky Ones)/Freak CDS/03 Whistle While You Jerk.mp3",0.0073,0.30,0.0172,0.40,0.9814,0.80,0.9778,0.80,0.0082,0.30,0.0176,0.40
"Ladytron/Light & Magic/01 True Mathematics.mp3",-0.0346,0.30,-0.0292,0.30,0.9877,0.70,0.9739,0.70,-0.0343,0.20,-0.0295,0.20
"Le Sport/Unknown Album/It's not the end of the world.mp3",-0.0102,0.40,-0.0368,0.30,0.9881,0.40,0.9721,0.70,-0.0201,0.30,-0.0480,0.30
"Liquid Sun/DJmixed.com_ Keoki/13 - Walkaway.mp3",-0.0552,0.50,-0.0512,0.70,0.9793,0.80,0.9514,0.80,-0.0540,0.40,-0.0506,0.50
"Logan's Sanctuary/Unknown Album/06 Metro.mp3",-0.0430,0.30,-0.0534,0.50,0.9774,0.30,0.9485,0.40,-0.0451,0.30,-0.0559,0.10
"Louis Prima/Ultra-Lounge, Vol. 15, Wild, Cool & Swingin' Too!/17 Just A Gigolo_ I Ain't Got Nobody.mp3",-0.0279,0.40,-0.0464,0.40,0.9751,0.50,0.9544,0.80,-0.0426,0.30,-0.0582,0.30
"Love Spirals Downwards/Flux/12 A Hui Hou.flac",0.0081,0.30,0.0093,0.50,0.9840,0.60,0.9623,0.40,0.0048,0.30,0.0069,0.20
"Lowfish/Now We Are Dead/01 Theme To A Dead End.mp3",0.0023,0.20,0.0124,0.40,0.9822,0.40,0.9593,0.60,0.0022,0.40,0.0108,0.40
"Lush/Split/03 - Blackout.mp3",-0.0061,0.20,-0.0074,0.50,0.9895,0.70,0.9790,0.40,0.0037,0.20,0.0011,0.30
"M83/Hurry Up, We're Dreaming/1-07 Train To Pluton.mp3",-0.0498,0.30,-0.0485,0.40,0.9647,0.50,0.9442,0.70,-0.0479,0.30,-0.0405,0.30
"MAN-CAT/The Rise And Fall Of Thuggy Stardust And The Hustlers From Mars/03 Can U Daydream (feat. 2Pac).mp3",-0.0111,0.20,0.0140,0.30,0.9893,0.50,0.9618,0.60,-0.0033,0.20,0.0244,0.10
"MC Chris/Unknown Album/Chinese Rap.mp3",-0.0036,0.30,-0.0164,0.20,0.9827,0.70,0.9753,0.50,-0.0008,0.20,-0.0128,0.10
"MIDNIGHT TELEVISION/MIDNIGHT TELEVISION/07 Commercial Dreams.mp3",-0.0356,0.10,-0.0417,0.20,0.9959,0.50,0.9903,0.50,-0.0311,0.00,-0.0370,0.10
"MM/Da Chip (Bonus Tracks)/Daft Medley.mp3",0.0157,0.40,0.0142,0.60,0.9914,0.80,0.9838,0.70,0.0256,0.50,0.0258,0.60
"MMM/Fabric 11_ Swayzak/12 - Donna.mp3",0.0481,0.40,0.0286,0.50,0.9801,0.60,0.9799,0.80,0.0293,0.50,0.0109,0.50
"Machine Drum/Now You Know/10 reel clear.mp3",0.0384,0.20,0.0495,0.20,0.9807,0.60,0.9527,0.60,0.0388,0.30,0.0479,0.40
"Martin Denny/Hypnotique & Exotica III/13 Harbor Lights.mp3",-0.0667,0.70,-0.0657,0.60,0.9608,0.70,0.9472,0.70,-0.0587,0.50,-0.0573,0.40
"Maximilian Skiba/Mixmag Presents_ The Return Of Mylo/15 Monster.mp3",-0.0746,0.40,-0.0703,0.50,0.9916,0.50,0.9844,0.70,-0.0716,0.20,-0.0680,0.20
"Melchior & Pronsato/Electronic Groove Card/118 Puerto Rican Girls (Original Mix).mp3",-0.0181,0.50,-0.0064,0.70,0.9834,0.70,0.9704,0.60,-0.0217,0.30,-0.0097,0.40
"Mercury Rev/All Is Dream/06 Little Rhymes.mp3",-0.0247,0.50,-0.0348,0.50,0.9594,0.50,0.9610,0.80,-0.0472,0.30,-0.0528,0.20
"Miami Vice/Palm Haze/09 Miami Run.mp3",0.0146,0.60,0.0171,0.60,0.9953,0.60,0.9917,0.70,0.0155,0.50,0.0188,0.50
"Michael Jackson/Cass' Pre-1980 Mix/04 Off The Wall.mp3",-0.0327,0.10,-0.0189,0.30,0.9872,0.70,0.9791,0.80,-0.0344,0.30,-0.0221,0.40
"Michael Jackson/Thriller/01 Wanna Be Startin' Somethin'.mp3",-0.0135,0.10,-0.0166,0.10,0.9933,0.50,0.9823,0.80,-0.0092,0.30,-0.0128,0.30
"Michael McDonald/Ultimate Collection (1976-2003)/04 Yah Mo B There.mp3",0.0109,0.20,0.0142,0.20,0.9886,0.70,0.9686,0.80,0.0101,0.40,0.0151,0.30
"Midnight Runners/VHS Wave Vol One/02 Stop Over.mp3",0.0324,0.40,0.0485,0.50,0.9909,0.60,0.9836,0.70,0.0292,0.60,0.0442,0.50
"Mike Flowers Pops/26 Mixes For Cash/13 Debase (Soft Palate).mp3",-0.0565,0.10,-0.0639,0.10,0.9860,0.60,0.9776,0.60,-0.0533,0.10,-0.0584,0.00
"Minibosses/Minibosses/Castlevania.mp3",-0.0634,0.20,-0.0712,0.20,0.9900,0.50,0.9574,0.50,-0.0593,0.40,-0.0658,0.20
"Mojo Nixon/Unknown Album/Elvis Is Everywhere (with Skid Roper).mp3",-0.0151,0.40,-0.0152,0.40,0.9772,0.60,0.9358,0.60,0.0004,0.30,0.0032,0.30
"Monty Python/Monty Python/I Bet They Won't Play This Song.mp3",-0.0505,0.30,-0.0360,0.50,0.9808,0.40,0.9673,0.70,-0.0450,0.10,-0.0284,0.30
"Munich Machine/Live at the Paradise Garage/10 - Get on the Funk Train.mp3",-0.0799,0.30,-0.0749,0.20,0.9818,0.20,0.9890,0.60,-0.0847,0.10,-0.0795,0.10
"My Bloody Valentine/Ecstasy and Wine/10 (Please) Lose Yourself in Me.mp3",-0.0111,0.50,-0.0040,0.40,0.9931,0.90,0.9875,0.90,-0.0130,0.50,-0.0056,0.40
"My Bloody Valentine/M B V/06 new you.mp3",0.0443,0.40,0.0414,0.50,0.9900,0.80,0.9578,0.70,0.0434,0.40,0.0364,0.50
"My Bloody Valentine/Unknown Album/Can I Touch You.mp3",0.0067,0.20,0.0008,0.20,0.9945,0.70,0.9854,0.70,0.0054,0.30,-0.0009,0.30
"Mylo/Mixmag Presents_ The Return Of Mylo/14 Wings Of Fire.mp3",0.0176,0.20,0.0069,0.20,0.9844,0.60,0.9736,0.60,0.0253,0.20,0.0140,0.10
"N'Dea Davenport/Yoshiesque/14 - Oh Mother Earth (Embrace) (Live Element Dub).mp3",-0.0578,0.40,-0.0609,0.70,0.9907,0.30,0.9794,0.40,-0.0586,0.40,-0.0626,0.40
"Nancy/Chora Matisse !/Mamba Negra Fashion Week.mp3",-0.0461,0.30,-0.0629,0.60,0.9793,0.50,0.9575,0.50,-0.0424,0.30,-0.0598,0.20
"Narctrax/Valerie and Friends/15 Excalibur Galactica.mp3",0.0105,0.40,0.0176,0.60,0.9748,0.60,0.9638,0.60,0.0064,0.20,0.0094,0.30
"Nelue/Cosmic Balearic Beats Vol.2/04 No Strings Attached.mp3",-0.0041,0.40,-0.0071,0.60,0.9935,0.50,0.9815,0.50,-0.0123,0.50,-0.0152,0.30
"Neon Blonde/Chandeliers In the Savanna/08 New Detroit.mp3",-0.0067,0.20,-0.0149,0.40,0.9802,0.70,0.9551,0.60,-0.0162,0.20,-0.0226,0.30
"Neon Indian/Sleep Paralysist Remixes/Sleep Paralysist (Com Truise 'Eyelid' Remix).mp3",0.0255,0.40,0.0069,0.40,0.9883,0.80,0.9726,0.60,0.0262,0.40,0.0063,0.30
"Nico/Chelsea Girl/07 I'll Keep It With Mine.mp3",-0.0483,0.60,-0.0338,0.70,0.9879,0.50,0.9734,0.90,-0.0470,0.40,-0.0310,0.40
"Niels Van Gogh/Gatecrasher_ Red/19 - Pulverturm (Quake Mix).mp3",-0.0850,0.60,-0.0810,0.60,0.9870,0.60,0.9730,0.80,-0.0804,0.60,-0.0774,0.50
"Nightforce/Unknown Album/Power Glove.mp3",-0.0267,0.30,0.0014,0.50,0.9690,0.60,0.9723,0.60,-0.0324,0.20,-0.0052,0.30
"Nine Inch Nails/Natural Born Killers [Original Soundtrack]/08 - Burn.mp3",0.0051,0.50,0.0082,0.60,0.9806,0.70,0.9659,0.60,-0.0078,0.40,-0.0033,0.40
"Nirvana/Unknown Album/Rape Me.mp3",-0.0208,0.40,-0.0359,0.50,0.9843,0.60,0.9568,0.70,-0.0268,0.50,-0.0396,0.40
"Omega Supreme Records/SASAC - HYPERION/07 - Cloud Ascension.mp3",0.0106,0.40,0.0113,0.40,0.9956,0.80,0.9874,0.70,0.0081,0.50,0.0084,0.40
"Orchestral Manoeuvres In The Dark/Metroland/06 Metroland (Roger Erickson Remix).mp3",-0.0108,0.00,-0.0033,0.40,0.9493,0.40,0.9128,0.30,0.0041,0.30,0.0142,0.20
"POOLSIDE_PIXELATED/Unknown Album/01 Slow Down (PIXELATED 2012 End.mp3",0.0120,0.30,0.0110,0.50,0.9725,0.20,0.9752,0.50,-0.0030,0.30,-0.0081,0.10
"Patrick Wolf/Lupercalia/08 The Days.mp3",0.0023,0.40,0.0019,0.50,0.9813,0.40,0.9590,0.50,-0.0098,0.40,-0.0128,0.30
"Patrick Wolf/Wind In The Wires/04 Wind in the Wires.mp3",0.0175,0.40,-0.0181,0.40,0.9385,0.50,0.9207,0.80,0.0188,0.40,-0.0095,0.30
"Paul + Diane/Unknown Album/I Believe in You 051608.mp3",-0.0199,0.40,-0.0147,0.30,0.9598,0.30,0.9554,0.70,-0.0185,0.20,-0.0171,0.20
"Paul Kass/Tomorrow's Achievements_ Parry Music Library 1976-86 LP/02 Bio-Rhythm.mp3",-0.0354,0.60,-0.0399,0.70,0.9969,0.70,0.9957,0.50,-0.0379,0.60,-0.0424,0.70
"Pet Shop Boys/PopArt (Disc 2)/18 Somewhere.mp3",-0.0328,0.20,-0.0402,0.20,0.9602,0.40,0.9424,0.50,-0.0434,0.50,-0.0521,0.20
"Peter Bjorn & John/Writer's Block/08 Let's Call It Off (Single Mix).mp3",0.0116,0.30,0.0046,0.30,0.9849,0.30,0.9770,0.80,0.0171,0.30,0.0085,0.30
"Peter Bjorn and John/Rixe des Remix 4/Young Folks (Punks Jump Up Special Disco Mix).mp3",-0.0319,0.40,-0.0683,0.50,0.9688,0.40,0.9538,0.70,-0.0295,0.30,-0.0622,0.30
"Phil Collins/Greatest Hits vol 1/18 Separate Lives.mp3",0.0547,0.40,0.0540,0.40,0.9827,0.50,0.9709,0.80,0.0394,0.70,0.0396,0.60
"Philip Glass/Music In Twelve Parts/3-03 Part 11.mp3",-0.0448,0.70,-0.0345,0.50,0.9930,0.80,0.9843,0.70,-0.0438,0.70,-0.0337,0.50
"Philip Glass/The Music of Candyman/08 From Candyman II_ Daniel's Flashback.mp3",-0.0464,0.30,-0.0435,0.40,0.9714,0.70,0.9837,0.80,-0.0389,0.50,-0.0413,0.50
"Phonique/Electronic Groove Card/120 Our Time Our Chance (feat. Ian Whitelaw - Wahoo Remix).mp3",-0.0214,0.30,-0.0215,0.40,0.9841,0.40,0.9716,0.70,-0.0403,0.20,-0.0409,0.30
"Pizzicato Five/The Sound Of Music By Pizzicato Five/04 Happy Sad.mp3",-0.0459,0.20,-0.0432,0.30,0.9784,0.70,0.9204,0.60,-0.0609,0.10,-0.0527,0.10
"Plaid/Not for Threes/Getting.mp3",0.0031,0.30,-0.0151,0.70,0.9759,0.60,0.9663,0.60,0.0064,0.30,-0.0107,0.40
"Plaid/Trainer (CD1)/11 Prig.mp3",-0.0261,0.50,-0.0413,0.60,0.9840,0.30,0.9669,0.70,-0.0151,0.20,-0.0299,0.40
"Plaid/scintilli/1-09 talk to us.mp3",0.0129,0.30,0.0184,0.20,0.9882,0.30,0.9766,0.70,0.0160,0.20,0.0218,0.10
"Plaisance/Children of the eighties/08 Dreams & Nightmares.mp3",-0.0037,0.60,-0.0239,0.40,0.9786,0.50,0.9509,0.60,-0.0031,0.40,-0.0221,0.40
"Plug/Compilation Tracks for Which I Was Never Paid/04 A Hot One.mp3",-0.0049,0.30,-0.0192,0.50,0.9348,0.30,0.9361,0.40,-0.0116,0.40,-0.0135,0.10
"Police/Unknown Album/Every Breath You Take.mp3",-0.0069,0.40,-0.0040,0.50,0.9889,0.90,0.9869,0.80,-0.0093,0.50,-0.0071,0.50
"Prefuse 73/One Word Extinguisher/09 Busy Signal (Make You Go Bombing Mix) (A Prefuse_Daedelus Production).mp3",-0.0030,0.00,-0.0140,0.30,0.9639,0.10,0.9429,0.20,0.0154,0.40,0.0035,0.10
"Prefuse 73/Preparations & Interregnums/Sunbeamstress.mp3",-0.0484,0.20,-0.0445,0.30,0.9893,0.60,0.9842,0.50,-0.0578,0.20,-0.0531,0.00
"Project/Winter in June/12 Random Roads Suite_ Devine.mp3",-0.0104,0.40,-0.0181,0.50,0.9956,0.70,0.9865,0.60,-0.0160,0.40,-0.0236,0.60
"Psychic TV/Force The Hand Of Chance/05 Guiltless (WITH Marc Almond).mp3",0.0113,0.20,-0.0109,0.20,0.9681,0.50,0.9578,0.50,0.0079,0.20,-0.0139,0.10
"Pt\u00f4se/New Wave Club Class-X Box (Sinners Day 2011)/216 Boule (Viens Ici) !.mp3",-0.0317,0.30,-0.0311,0.50,0.9902,0.40,0.9827,0.60,-0.0404,0.20,-0.0387,0.10
"Pye Corner Audio/Sleep Games/02 - The Black Mill Video Tape.flac",0.0360,0.40,0.0338,0.70,0.9697,0.50,0.9709,0.70,0.0246,0.40,0.0236,0.40
"Pyrolator/New Deutsch/21 - Ein Weihnachtsmann Kommt in Die Disko.mp3",-0.0443,0.30,-0.0368,0.20,0.9812,0.50,0.9757,0.60,-0.0456,0.30,-0.0373,0.10
"Radiohead/Hail to the Thief/04 Backdrifts..mp3",-0.0083,0.20,-0.0503,0.10,0.9756,0.50,0.9602,0.50,-0.0120,0.20,-0.0535,0.10
"Rage against the Machine/The Crow Original Motion Picture Soundtrack/05 Track 05.mp3",-0.0141,0.40,-0.0290,0.40,0.9806,0.50,0.9587,0.90,-0.0251,0.30,-0.0366,0.30
"Randy Macho Man Savage/Be A Man-PROMO CDM/09 Be A Man.mp3",0.0796,0.60,0.0665,0.60,0.9955,0.90,0.9838,0.80,0.0758,0.60,0.0630,0.60
"Ratatat/LP3/10 Brule\u00e9.mp3",0.0412,0.20,0.0460,0.10,0.9638,0.30,0.9661,0.50,0.0346,0.40,0.0375,0.30
"Ratatat/Mirando (Single)/02 Mirando (Animal Collective remix).mp3",-0.0200,0.20,-0.0356,0.10,0.9725,0.50,0.9644,0.70,-0.0206,0.10,-0.0365,0.00
"Ravelab/DJmixed.com_ Keoki/07 - Send Me an Angel (club mix).mp3",-0.0300,0.40,-0.0256,0.70,0.9793,0.70,0.9739,0.70,-0.0378,0.30,-0.0314,0.50
"Recompas/Definition/10 Nur Man Ist Heir.mp3",-0.0237,0.30,-0.0311,0.40,0.9868,0.60,0.9734,0.60,-0.0263,0.40,-0.0349,0.30
"Recompas/Unknown Album/somegirl.mp3",0.0132,0.30,0.0056,0.50,0.9557,0.30,0.9496,0.50,0.0297,0.20,0.0217,0.10
"Richard Devine/Alea Mapper/08 Cr Scope.mp3",0.0410,0.60,0.0066,0.70,0.9013,0.60,0.9115,0.70,0.0314,0.70,0.0098,0.80
"Richard Devine/Unknown Album/05 LipSwitch.mp3",0.0280,0.30,0.0347,0.30,0.9955,0.60,0.9828,0.80,0.0263,0.40,0.0326,0.40
"Rick Garcia/Groove Radio International Presents_ House/02 - Somebody Knew (12_ Mix).mp3",-0.0364,0.50,-0.0500,0.50,0.9871,0.50,0.9873,0.90,-0.0441,0.30,-0.0575,0.20
"Rituraj Yadav/Unknown Album/Vacation Recall.mp3",0.0349,0.30,0.0337,0.40,0.9809,0.60,0.9840,0.80,0.0420,0.50,0.0408,0.40
"Rjd2/Deadringer/11 the proxy.mp3",0.0432,0.50,0.0284,0.50,0.9739,0.40,0.9684,0.50,0.0429,0.30,0.0307,0.30
"Rob Burke & Craig Calvert/Legend of the Greasepole/Pit Cheering 1.mp3",-0.1047,0.20,-0.1065,0.20,0.9932,0.40,0.9899,0.80,-0.1064,0.20,-0.1082,0.20
"Robert Palmer/80's Wave/12 Addicted To Love.mp3",-0.0051,0.60,0.0024,0.50,0.9867,0.60,0.9578,0.60,-0.0041,0.70,0.0044,0.50
"Robin Artus + Paul Kass/Tomorrow's Achievements_ Parry Music Library 1976-86 LP/13 Automation.mp3",0.0290,0.10,0.0187,0.20,0.9809,0.60,0.9804,0.60,0.0212,0.20,0.0111,0.10
"Robin Guthrie And Harold Budd/After The Night Falls/07 And Then I Turned Away.mp3",-0.0162,0.60,-0.0071,0.60,0.9860,0.80,0.9932,0.80,-0.0131,0.60,-0.0040,0.60
"Roedelius & Arnold Kasar/Einfluss/06 Black White Felt.flac",0.0082,0.40,0.0113,0.50,0.9697,0.70,0.9661,0.60,0.0052,0.30,0.0111,0.40
"Rolly Mingwald/The New Girl/05 Dead man's Curve.mp3",0.0222,0.50,0.0140,0.50,0.9944,0.50,0.9832,0.70,0.0231,0.60,0.0164,0.60
"SUBLIME JUPITER SNAKE DUO/CLOWN/06 - THE FLYING ELEPHANT.mp3",-0.0331,0.30,-0.0186,0.20,0.9471,0.10,0.9346,0.60,-0.0617,0.00,-0.0416,0.00
"Salem/King Night/01 King Night.mp3",-0.0164,0.20,0.0004,0.40,0.9791,0.50,0.9463,0.30,-0.0110,0.40,0.0054,0.20
"Sally Shapiro/Somewhere Else/10 Don't Be Afraid (Alternative Version with Anoraak).mp3",-0.0262,0.10,-0.0158,0.20,0.9913,0.60,0.9723,0.30,-0.0297,0.20,-0.0153,0.40
"Sash!/Platinum on Black_ The Final Chapter/13 - Encore Une Fois (Future Breeze Mix).mp3",-0.0507,0.50,-0.0807,0.70,0.9673,0.50,0.9393,0.70,-0.0332,0.40,-0.0666,0.40
"Section 25/New Wave Club Class-X Box (Sinners Day 2011)/204 Looking From A Hilltop.mp3",0.0438,0.40,0.0387,0.80,0.9813,0.50,0.9547,0.40,0.0470,0.40,0.0385,0.40
"Seeland/Tomorrow Today/04 Turnaround.mp3",-0.0108,0.30,-0.0280,0.40,0.9743,0.30,0.9630,0.30,-0.0144,0.50,-0.0322,0.30
"Sergio Cervetti/Natural Born Killers [Original Soundtrack]/21 - Fall of the Rebel Angels.mp3",-0.0080,0.40,0.0020,0.40,0.9840,0.40,0.9764,0.60,-0.0063,0.20,0.0032,0.10
"Shigeto/Lineage/03 Ann Arbor Part 3 & 4.mp3",-0.0310,0.40,-0.0188,0.60,0.9720,0.50,0.9562,0.60,-0.0367,0.40,-0.0270,0.50
"Shining/In the Kingdom of Kitsch You W/01 Goretex Weather Report.mp3",-0.0410,0.00,-0.0191,0.40,0.9393,0.20,0.9510,0.30,-0.0275,0.30,0.0000,0.20
"Shy Child/Noise Won't Stop/07 Good And Evil.mp3",-0.0180,0.10,-0.0402,0.10,0.9874,0.40,0.9735,0.50,-0.0219,0.40,-0.0442,0.20
"Siriusmo/Minirock (GP014) Vinyl/02 a2-siriusmo-urlaub in berlin.mp3",-0.0480,0.30,-0.0751,0.40,0.9696,0.50,0.9507,0.60,-0.0414,0.40,-0.0643,0.20
"Skream/Exit Records Presents - Mosaic Vol. 1/2-17 Motorway.mp3",0.0468,0.20,0.0411,0.20,0.9928,0.50,0.9653,0.90,0.0467,0.30,0.0408,0.20
"Skream/Skream!/01 Tortured Soul.mp3",0.0640,0.10,0.0635,0.40,0.9776,0.20,0.9514,0.30,0.0680,0.10,0.0648,0.20
"Slang/The Freebase Connection/05 MFP Pound Your Ironing Board.mp3",0.0268,0.60,0.0283,0.60,0.9848,0.50,0.9710,0.80,0.0197,0.50,0.0226,0.40
"Small World/DJ-Kicks/02 - Livin' Free.mp3",0.0111,0.40,0.0074,0.40,0.9793,0.50,0.9721,0.60,0.0159,0.30,0.0100,0.20
"Smash Band/Late Night Tales (Lindstr\u00f8m)/13 Grand Drums.mp3",0.0188,0.00,0.0226,0.10,0.9914,0.50,0.9948,0.30,0.0261,0.00,0.0310,0.00
"Solex/MP3VOOR12/09 3 4 12.mp3",-0.0380,0.60,-0.0438,0.60,0.9892,0.80,0.9731,0.70,-0.0364,0.40,-0.0408,0.40
"Sonic Youth/Bad Moon Rising/10 Halloween.mp3",-0.0017,0.30,0.0023,0.30,0.9667,0.50,0.9822,0.90,0.0140,0.60,0.0227,0.50
"Sorcerer/Unknown Album/Sorcerer Mega Mixx 2011.mp3",-0.0214,0.40,-0.0097,0.30,0.9494,0.40,0.9111,0.30,-0.0130,0.40,0.0104,0.30
"Soul Coughing/The X-Files_ The Album/10 - 16 Horses.mp3",-0.0366,0.30,-0.0344,0.50,0.9858,0.60,0.9629,0.40,-0.0361,0.30,-0.0329,0.30
"Soundtrack/Hustle & Flow OST (RealestNiggas.Com)/02 Swerve (Feat. Webbie).mp3",0.0167,0.50,0.0011,0.50,0.9902,0.80,0.9794,0.80,0.0134,0.50,-0.0032,0.50
"Soundtrack/Mysterious Skin/12 The Discovery.mp3",0.0031,0.60,0.0083,0.50,0.9927,0.70,0.9891,0.70,0.0048,0.60,0.0096,0.50
"Soundtrack/Spongebob Squarepants/02 Loop De Loop.mp3",-0.0661,0.30,-0.0781,0.20,0.9881,0.70,0.9705,0.70,-0.0594,0.40,-0.0685,0.40
"Spandau Ballet/Unknown Album/Tainted Love.mp3",-0.0060,0.00,-0.0069,0.30,0.9902,0.40,0.9811,0.50,-0.0071,0.10,-0.0078,0.20
"Spiritualized/Lazer Guided Melodies/11 Sway.mp3",0.0321,0.40,0.0407,0.30,0.9802,0.40,0.9759,0.60,0.0225,0.20,0.0333,0.10
"Squarepusher/Ultravisitor/02 I Fulcrum.mp3",-0.0514,0.20,-0.0568,0.20,0.9837,0.60,0.9639,0.60,-0.0506,0.10,-0.0569,0.20
"Stan Getz_Jo\u00e3o Gilberto/Getz-Gilberto featuring Antonio Carlos Jobim/06 So Dan\u00e7o Samba (with Joao Gilberto).mp3",-0.0369,0.50,-0.0392,0.70,0.9759,0.80,0.9568,0.80,-0.0433,0.60,-0.0378,0.50
"Stereolab & Nurse With Wound/The Wire 20 Years 1982-2002_ Audio Issue/05 Simple Headphone Mind.mp3",-0.0199,0.10,-0.0277,0.30,0.9449,0.20,0.9514,0.50,-0.0440,0.20,-0.0463,0.20
"Stereolab/Fab Four Suture/03 Eye Of The Volcano.mp3",-0.0856,0.30,-0.0710,0.60,0.9539,0.30,0.9136,0.30,-0.0828,0.40,-0.0595,0.30
"Steve Roach/Desert Solitaire/08 Highnoon.mp3",0.0349,0.50,0.0270,0.90,0.9370,0.80,0.9439,0.60,0.0291,0.50,0.0229,0.70
"Stone Temple Pilots/Unknown Album/Plush [Karaoke].mp3",-0.0560,0.20,-0.0560,0.40,0.9942,0.60,0.9770,0.60,-0.0628,0.30,-0.0623,0.30
"Strange Advance/The Best 80s Modern Rock Album...Ever! (Disk 2)/04 We Run.mp3",0.0392,0.30,0.0507,0.30,0.9884,0.40,0.9784,0.50,0.0389,0.20,0.0490,0.20
"Strange Shapes/I Found A Rock _ Moment Kept Arriving/I Found A Rock.mp3",-0.0370,0.40,-0.0222,0.50,0.9866,0.30,0.9577,0.60,-0.0319,0.40,-0.0150,0.30
"Stretch 'n' Vern/Groove Radio International Presents_ House/08 - Get Up! Go Insane! (Rock 'N' Roll Mix).mp3",0.0015,0.20,-0.0183,0.20,0.9651,0.60,0.9367,0.70,0.0037,0.20,-0.0167,0.10
"Studio Pressure/Parts in the Post/08 - Relics.mp3",-0.0190,0.30,-0.0253,0.40,0.9509,0.40,0.9558,0.40,-0.0200,0.20,-0.0322,0.30
"Suicide/New Wave Club Class-X Box (Sinners Day 2011)/217 Ghost Rider.mp3",-0.0019,0.30,0.0054,0.60,0.9587,0.60,0.9604,0.60,0.0033,0.30,0.0167,0.50
"Sunscreem/Renaissance Presents Ian Ossia and Nigel Dawson/03 - Perfect Motion.mp3",-0.1016,0.50,-0.0736,0.50,0.9492,0.40,0.9662,0.70,-0.1298,0.50,-0.0983,0.40
"Swedish Egil_Hooligans_Risa/Groove Radio International Presents_ House/10 - Keep Movin' On.mp3",-0.0472,0.60,-0.0535,0.60,0.9788,0.80,0.9447,0.80,-0.0465,0.50,-0.0540,0.40
"T. Raumschmiere/Anti R/02 substrom.mp3",0.0130,0.30,0.0056,0.30,0.9924,0.60,0.9903,0.60,0.0211,0.50,0.0132,0.30
"T. Rex/Velvet Goldmine/13 - Diamond Meadows.mp3",-0.0139,0.40,-0.0154,0.40,0.9844,0.50,0.9607,0.80,-0.0037,0.40,-0.0042,0.30
"TR_ST/TRST/01 Shoom.mp3",0.0435,0.20,0.0397,0.40,0.9709,0.50,0.9573,0.50,0.0407,0.40,0.0444,0.40
"TV on The Radio/Young Liars/02 Staring At The Sun.mp3",-0.0277,0.20,-0.0077,0.20,0.9772,0.40,0.9617,0.60,-0.0220,0.40,-0.0038,0.30
"Talvin Singh/OK/03 Sutrix.mp3",-0.0257,0.00,-0.0265,0.30,0.9841,0.30,0.9609,0.50,-0.0239,0.10,-0.0238,0.00
"Tangerine Dream/Zeit [2 CD] Disc 2/01 Origin of Supernatural Probabilities.mp3",-0.0814,0.70,-0.0621,0.80,0.9565,0.80,0.9601,0.90,-0.0613,0.70,-0.0398,0.80
"Tears For Fears/Elemental/01 Elemental.mp3",-0.0169,0.30,-0.0229,0.50,0.9220,0.20,0.9084,0.50,-0.0072,0.40,-0.0036,0.20
"Terry Riley/Salome Dances for Peace D1/05 at the ancient aztec corn race.mp3",-0.0291,0.60,-0.0312,0.60,0.9943,0.90,0.9873,0.70,-0.0322,0.60,-0.0346,0.60
"The Advantage/Elf Titled/02 double dragon III, egypt.mp3",-0.0591,0.40,-0.0550,0.40,0.9953,0.60,0.9891,0.70,-0.0581,0.50,-0.0537,0.40
"The B-52's/The Best 80s Modern Rock Album...Ever! (Disk 2)/15 Rock Lobster.mp3",0.0175,0.30,0.0140,0.60,0.9498,0.30,0.9421,0.50,-0.0004,0.50,-0.0092,0.20
"The Beatles/Trick Or Treat (1986 Film)/02 After Midnight.mp3",0.0008,0.50,0.0129,0.30,0.9878,0.90,0.9474,0.60,0.0022,0.50,0.0128,0.40
"The Bees/Sunshine Hit Me/07 this town.mp3",-0.0543,0.20,-0.0441,0.30,0.9852,0.80,0.9776,0.50,-0.0663,0.30,-0.0563,0.20
"The Black Dog/Fragments/03 - Porn Shop.flac",0.0489,0.60,0.0448,0.70,0.9856,0.60,0.9828,0.70,0.0430,0.60,0.0390,0.60
"The Breeders/Title TK/12 Huffer.mp3",-0.0241,0.50,-0.0296,0.30,0.9885,0.70,0.9824,0.50,-0.0197,0.50,-0.0255,0.30
"The Buggles/The Best 80s Modern Rock Album...Ever! (Disk 2)/13 Video Killed The Radio Star.mp3",0.0459,0.30,0.0320,0.40,0.9716,0.20,0.9544,0.50,0.0451,0.10,0.0341,0.10
"The Cardigans/Gran Turismo/11 Nil.mp3",-0.0742,0.60,-0.0761,0.80,0.9876,0.50,0.9853,0.70,-0.0755,0.60,-0.0770,0.50
"The Cars/Greatest Hits/04 Good Times Roll.mp3",0.0325,0.50,0.0258,0.40,0.9921,0.70,0.9795,0.90,0.0429,0.40,0.0359,0.30
"The Chameleons/1993 - Strange Times [MP3]/11 Tears (full arrangement).mp3",0.0198,0.50,0.0065,0.40,0.9843,0.70,0.9616,0.70,0.0250,0.50,0.0093,0.30
"The Chemical Brothers/Brother's Gonna Work It Out/04 Chemical Brothers - Meat Beat Manifesto - Renegade Soundwave - DBX - Dubtribe Sound System.mp3",-0.0578,0.20,-0.0569,0.70,0.9597,0.50,0.9574,0.20,-0.0535,0.50,-0.0465,0.50
"The Chemical Brothers/Life Is Sweet/02 Life Is Sweet (Remix 2).mp3",-0.0270,0.20,-0.0381,0.40,0.9557,0.40,0.9580,0.60,-0.0134,0.40,-0.0252,0.50
"The Clash/Combat Rock/11 Inoculated City.mp3",-0.0111,0.20,0.0001,0.30,0.9818,0.60,0.9500,0.70,-0.0184,0.20,-0.0029,0.30
"The Cure/Kiss Me, Kiss Me, Kiss Me/08 Just Like Heaven.mp3",-0.0072,0.70,-0.0115,0.60,0.9889,0.70,0.9681,0.90,-0.0051,0.80,-0.0104,0.70
"The Dandy Warhols/Dandy's Rule OK_/07 Nothin To Do.mp3",0.0046,0.40,-0.0120,0.40,0.9934,0.80,0.9798,0.60,0.0048,0.40,-0.0124,0.50
"The Dead MIlkmen/Beelzebubba/13 Everybody s Got Nice Stuff But Me.mp3",-0.0363,0.40,-0.0241,0.50,0.9881,0.50,0.9871,0.80,-0.0425,0.50,-0.0283,0.40
"The Field/Looping State Of Mind/01 Is this power.mp3",-0.0301,0.30,-0.0234,0.40,0.9897,0.80,0.9868,0.80,-0.0336,0.40,-0.0261,0.30
"The Future Sound of London/Environment Five/04 Beings of Light.mp3",0.0064,0.60,0.0010,0.50,0.9496,0.80,0.9696,0.60,-0.0110,0.60,-0.0183,0.40
"The Notwist/Different Cars and Trains EP/02 Pilot (Console remix).mp3",-0.0633,0.20,-0.0644,0.50,0.9653,0.50,0.9515,0.60,-0.0708,0.20,-0.0740,0.40
"The Notwist/Johnny and Mary - The EP/12 Johnny And Mary.mp3",-0.0256,0.80,-0.0280,0.80,0.9851,0.60,0.9591,0.80,-0.0338,0.50,-0.0342,0.60
"The Notwist/Neon Golden/05 This Room.mp3",-0.0362,0.20,-0.0336,0.30,0.9456,0.30,0.9053,0.20,-0.0419,0.00,-0.0466,0.00
"The Outrunners/Wayfarer Week-End Mix May 2008/Wayfarer Week-End Mix May 2008.mp3",0.0351,0.40,0.0191,0.40,0.9682,0.50,0.9685,0.70,0.0350,0.20,0.0179,0.20
"The Pillars of Creation/VHS Wave Vol One/14 Lust.mp3",-0.0032,0.30,0.0246,0.40,0.9680,0.60,0.9596,0.50,0.0039,0.30,0.0347,0.40
"The Psychedelic Furs/Original Soundtrack - Pretty In Pink/05 Pretty In Pink - The Pysychedlic Furs.mp3",0.0192,0.50,0.0186,0.60,0.9950,0.50,0.9748,0.90,0.0181,0.60,0.0186,0.50
"The Ruby Suns/IGIF Presents_ Endless Summer Vol. I/04 Dusty Fruit.mp3",-0.0188,0.20,-0.0200,0.20,0.9807,0.60,0.9589,0.70,-0.0259,0.30,-0.0264,0.10
"The Sabres Of Paradise/Sabresonic II/Smokebelch II.mp3",0.0157,0.40,0.0189,0.50,0.9847,0.60,0.9636,0.30,0.0088,0.50,0.0141,0.20
"The Smiths/The World Won't Listen/04 Money Changes Everything.mp3",-0.0221,0.50,-0.0120,0.70,0.9855,0.60,0.9807,0.70,-0.0282,0.50,-0.0185,0.30
"The Somnambulants/Fabrication and productivity/07 dirigible.mp3",-0.0344,0.00,-0.0292,0.00,0.9853,0.40,0.9753,0.50,-0.0375,0.00,-0.0320,0.00
"The Velvet Underground/White Light _ White Heat/02 the gift.mp3",-0.0297,0.40,-0.0316,0.20,0.9852,0.60,0.9795,0.70,-0.0344,0.30,-0.0358,0.20
"Thinkhead/Platinum on Black_ The Final Chapter/10 - A Higher Motivation.mp3",-0.0470,0.60,-0.0478,0.70,0.9832,0.70,0.9808,0.90,-0.0539,0.50,-0.0544,0.50
"Thompson Twins/The Best 80s Modern Rock Album...Ever! (Disk 2)/09 Hold Me Now.mp3",-0.0139,0.30,0.0282,0.40,0.9854,0.60,0.9596,0.80,-0.0227,0.30,0.0176,0.30
"Tiki Obmar/Seasons/08 - Proem Remix.flac",0.0162,0.50,0.0216,0.60,0.9361,0.20,0.9327,0.70,0.0057,0.40,0.0059,0.20
"Timecop1983/Synthetic Romance EP/04 Lonely Nights.mp3",-0.0060,0.40,0.0015,0.50,0.9918,0.70,0.9741,0.80,-0.0013,0.40,0.0070,0.40
"Tipper/Forward Escape/04 Table Flipping.mp3",-0.0191,0.60,-0.0037,0.60,0.9780,0.60,0.9671,0.60,-0.0150,0.50,0.0017,0.40
"Tonic/The X-Files_ The Album/02 - Flower Man.mp3",-0.0065,0.60,-0.0147,0.60,0.9949,0.70,0.9838,0.70,-0.0117,0.70,-0.0182,0.60
"Tony Bennett/Ultra-Lounge, Vol. 15, Wild, Cool & Swingin' Too!/09 With Plenty Of Money And You.mp3",-0.0323,0.40,-0.0219,0.40,0.9853,0.60,0.9664,0.80,-0.0386,0.20,-0.0286,0.20
"Tori Amos/To Venus and Back, Disc 2/03 Tori Amos - Cornflake Girl.mp3",-0.0170,0.30,-0.0092,0.40,0.9783,0.60,0.9590,0.60,-0.0279,0.40,-0.0209,0.40
"Tori Amos/To Venus and Back/06 - Suede.mp3",-0.0124,0.30,-0.0291,0.40,0.9874,0.80,0.9632,0.60,-0.0086,0.40,-0.0256,0.40
"Toro Y Moi/What For_/08 Half Dome.mp3",-0.0316,0.20,-0.0401,0.20,0.9950,0.80,0.9774,0.60,-0.0341,0.20,-0.0434,0.20
"Tortoise/Millions Now Living Will Never Die/04 The Taut And Tame.mp3",-0.0084,0.40,-0.0171,0.60,0.9441,0.30,0.9168,0.50,-0.0130,0.50,-0.0133,0.10
"Turzi/Mixmag Presents_ The Return Of Mylo/02 Buenos Aires (S\u00e9bastian Tellier & Romain Turzi remix).mp3",0.0111,0.20,0.0160,0.20,0.9882,0.40,0.9809,0.50,0.0064,0.40,0.0106,0.10
"Twin Shadow/Confess/04 Run My Heart.mp3",0.0334,0.30,0.0251,0.30,0.9860,0.50,0.9588,0.50,0.0370,0.10,0.0293,0.10
"Tycho/Hohokum Soundtrack/1-07 A Walk.mp3",0.0146,0.10,-0.0036,0.20,0.9840,0.40,0.9684,0.70,0.0090,0.10,-0.0112,0.00
"U-Ziq/Bilious Paths/05 - On_Off.mp3",0.0232,0.20,-0.0014,0.30,0.9684,0.50,0.9551,0.60,0.0187,0.40,-0.0082,0.50
"U.N.K.L.E_/Unknown Album/Rabbit in your Headlights.mp3",-0.0303,0.20,-0.0402,0.40,0.9715,0.30,0.9320,0.60,-0.0366,0.00,-0.0476,0.10
"UNKLE/Parts in the Post/02 - Coffeehouse Conversation.mp3",0.0016,0.40,-0.0100,0.70,0.9482,0.60,0.9453,0.50,0.0012,0.30,-0.0064,0.40
"UNKLE/Psyence Fiction/03 Bloodstain.mp3",0.0081,0.30,-0.0162,0.40,0.9773,0.50,0.9429,0.30,0.0008,0.20,-0.0278,0.10
"Undacova/OneMinuteMassacre v1/01 UndaCova.mp3",-0.0615,0.40,-0.0813,0.60,0.9402,0.50,0.9132,0.60,-0.0580,0.50,-0.0651,0.50
"Underworld/Caf\u00e9 del Mar_ Dreams Vol. 2/08 - Second Hand.mp3",-0.0282,0.50,-0.0298,0.60,0.9807,0.60,0.9748,0.60,-0.0278,0.60,-0.0283,0.40
"VLR/Computermadness II/Computermadness II.mp3",0.0336,0.30,0.0166,0.50,0.9036,0.50,0.9068,0.30,0.0097,0.40,-0.0178,0.40
"Various Artists/Live At Lilith Fair/01 Turn Me On (with Plaid).mp3",0.0048,0.10,0.0035,0.10,0.9721,0.50,0.9582,0.60,0.0011,0.10,0.0045,0.20
"Various Artists/Strangeways, Here We Come/05 Girlfriend In A Coma.mp3",-0.0166,0.20,0.0051,0.30,0.9929,0.50,0.9737,0.80,-0.0217,0.30,0.0010,0.40
"Various/JUNE 2013/GORILLA VS BEAR JUNE 2013.mp3",-0.0065,0.10,0.0331,0.30,0.9101,0.20,0.8511,0.40,-0.0078,0.10,0.0263,0.00
"Venetian Snares/Sabbath Dubs 10_/02 Electric Funeral.mp3",-0.0081,0.40,0.0039,0.70,0.9592,0.20,0.9417,0.60,-0.0242,0.30,-0.0111,0.10
"Vic Damone/Ultra-Lounge, Vol. 15, Wild, Cool & Swingin' Too!/06 Wives And Lovers.mp3",-0.0339,0.20,-0.0411,0.20,0.9792,0.60,0.9740,0.90,-0.0442,0.20,-0.0482,0.20
"Violent Breakfast/Split/04 Porti Grandi Significa Poche Navi.mp3",0.0081,0.30,0.0054,0.30,0.9934,0.70,0.9839,0.50,0.0103,0.20,0.0072,0.20
"Virgin Prunes/New Wave Club Class-X Box (Sinners Day 2011)/302 Walls Of Jericho.mp3",0.0678,0.30,0.0499,0.30,0.9896,0.50,0.9775,0.70,0.0587,0.20,0.0416,0.20
"Wall Of Voodoo/The Best 80s Modern Rock Album...Ever! (Disk 2)/02 Mexican Radio.mp3",-0.0144,0.10,-0.0102,0.30,0.9862,0.20,0.9544,0.50,-0.0142,0.10,-0.0107,0.40
"Washed Out/Mister Mellow/12 - Million Miles Away.flac",0.0269,0.60,0.0305,0.60,0.9833,0.50,0.9726,0.70,0.0223,0.40,0.0254,0.40
"Wayne G/Platinum on Black_ The Final Chapter/09 - Twisted (Danny Tenaglia Mix).mp3",-0.1049,0.60,-0.1092,0.70,0.9848,0.50,0.9614,0.70,-0.1072,0.40,-0.1123,0.20
"Ween/Pure Guava/10 Sarah.mp3",0.0199,0.10,0.0171,0.10,0.9841,0.60,0.9782,0.60,0.0229,0.10,0.0193,0.10
"Wendy Carlos/Beauty In The Beast/01 Incantation.mp3",-0.0125,0.30,-0.0251,0.60,0.8279,0.40,0.8866,0.60,-0.0340,0.50,-0.0202,0.40
"Wendy Carlos/Switched-On Bach II/3-08 Suite From Anna Magdalena Notebook- II-Menuet In G Major.mp3",-0.0096,0.70,-0.0008,0.60,0.9848,0.70,0.9786,0.90,-0.0090,0.60,0.0018,0.50
"Windsurf/Coastlines/06 White Soweto.mp3",-0.0236,0.30,-0.0074,0.30,0.9859,0.50,0.9792,0.70,-0.0168,0.40,0.0009,0.50
"Windsurf/Weird Energy/02 Weird Energy.mp3",0.0133,0.50,0.0123,0.40,0.9828,0.50,0.9771,0.70,-0.0028,0.40,-0.0049,0.30
"XTC/The Best 80s Modern Rock Album...Ever! (Disk 2)/08 Senses Working Overtime.mp3",0.0250,0.20,0.0257,0.40,0.9850,0.30,0.9659,0.80,0.0031,0.50,0.0044,0.40
"Xenony/Polish Space Program/08 - Neptus.flac",0.0261,0.30,0.0497,0.30,0.9838,0.60,0.9676,0.60,0.0192,0.50,0.0456,0.20
"Yann Tiersen/Le Fabuleux Destin d'Am\u00e9lie Poulain/11 La Valse d'Am\u00e9lie (Version Orchestre).mp3",-0.0321,0.40,-0.0335,0.40,0.9805,0.80,0.9564,0.60,-0.0341,0.40,-0.0352,0.40
"Yann Tiersen/Le Phare/13 La Chute.mp3",-0.0112,0.50,0.0128,0.70,0.9726,0.60,0.9680,0.80,-0.0104,0.70,0.0153,0.60
"Yazoo/The Best of Yaz/01 - Only You.flac",0.0260,0.40,0.0223,0.60,0.9734,0.70,0.9616,0.50,0.0052,0.50,0.0022,0.40
"Yeasayer/All Hour Cymbals/07 Forgiveness.mp3",-0.0294,0.30,-0.0243,0.50,0.9886,0.60,0.9654,0.60,-0.0386,0.40,-0.0313,0.40
"Yellow Magic Orchestra/Solid State Survivor/03 Rydeen.mp3",-0.0222,0.20,-0.0281,0.30,0.9815,0.60,0.9484,0.40,-0.0324,0.20,-0.0376,0.30
"Yellow Magic Orchestra/Twins Super Best of YMO [CD1]/16 Music Plans.mp3",0.0415,0.40,0.0449,0.20,0.9821,0.20,0.9694,0.70,0.0410,0.20,0.0448,0.00
"Yip-Yip/In The Reptile House/01 High Heel To Mammal III.mp3",0.0030,0.20,-0.0100,0.20,0.9769,0.50,0.9632,0.60,0.0094,0.40,-0.0057,0.30
"Yohan Square/Welcome to the Universe/06 - Love of Life.mp3",-0.0508,0.70,-0.0418,0.80,0.9833,0.70,0.9679,0.90,-0.0434,0.60,-0.0359,0.60
"Yoshinori Sunahara/Take Off & Landing/04 sony romantic electro wave.mp3",0.0021,0.60,0.0132,0.60,0.9841,0.60,0.9661,0.70,0.0106,0.50,0.0218,0.40
"Young Ejecta/Unknown Album/Build A Fire.mp3",0.0349,0.60,0.0334,0.50,0.9939,0.80,0.9884,0.70,0.0289,0.60,0.0274,0.50
"Young Galaxy/Ultramarine/01-06 - What We Want (977kbps).flac",0.0484,0.20,0.0320,0.30,0.9855,0.50,0.9650,0.60,0.0498,0.40,0.0314,0.40
"Yppah/They Know What Ghost Know/02 - Gumball Machine Weekend.flac",-0.0400,0.30,-0.0117,0.40,0.9768,0.30,0.9410,0.40,-0.0413,0.40,-0.0149,0.30
"Zara/OneMinuteMassacre v1/21 Zara.mp3",0.0304,0.50,0.0107,0.60,0.9775,0.60,0.9664,0.80,0.0389,0.60,0.0209,0.50
"Zola Jesus/Conatus/05 Ixode.mp3",-0.0296,0.30,-0.0497,0.30,0.9803,0.60,0.9770,0.70,-0.0290,0.30,-0.0476,0.30
"Zola Jesus/Versions/04 Run Me Out.mp3",-0.0602,0.30,-0.0456,0.40,0.9680,0.40,0.9504,0.50,-0.0568,0.30,-0.0441,0.20
"Zomby/Where Were U in '92_/01 Fuck Mixing, Let's Dance.mp3",-0.0111,0.00,-0.0294,0.10,0.9761,0.50,0.9685,0.60,0.0008,0.10,-0.0164,0.10
"Zorn/Knottel/04 Knottel Amx.mp3",0.0080,0.70,0.0236,0.70,0.9658,0.40,0.9578,0.70,0.0000,0.30,0.0171,0.30
"_imports/20260225_010706/05 - Luftschlosz.flac",0.0037,0.40,0.0012,0.50,0.9832,0.60,0.9858,0.60,-0.0032,0.40,-0.0042,0.40
"_imports/20260225_182336/The Smashing Pumpkins - Smiley (Gish sessions demo).flac",0.0300,0.50,0.0241,0.50,0.9916,0.50,0.9805,0.60,0.0417,0.50,0.0341,0.50
"_imports/20260225_201906/Deerhunter - Desire Lines.flac",-0.0057,0.40,-0.0018,0.30,0.9765,0.40,0.9698,0.70,-0.0071,0.20,-0.0004,0.00
"_imports/20260225_201910/Screaming Trees - Nearly Lost You.flac",-0.0189,0.60,-0.0114,0.70,0.9929,0.70,0.9781,0.90,-0.0238,0.50,-0.0169,0.50
"_imports/20260225_201934/Fiona Apple - Criminal.flac",0.0286,0.20,0.0217,0.30,0.9908,0.60,0.9763,0.50,0.0267,0.20,0.0189,0.00
"_imports/20260225_205642/Erasure - Who Needs Love Like That.flac",-0.0476,0.40,-0.0461,0.30,0.9898,0.50,0.9849,0.80,-0.0414,0.40,-0.0411,0.30
"_imports/20260225_205644/Dead Can Dance - The Host of Seraphim.flac",0.0001,0.40,0.0171,0.40,0.9858,0.80,0.9653,0.80,0.0027,0.30,0.0171,0.30
"_imports/20260225_205722/Candy Claws - Fell in Love (At the Water).flac",-0.0384,0.50,-0.0304,0.40,0.9707,0.40,0.9553,0.60,-0.0511,0.40,-0.0417,0.30
"_imports/20260225_211644/Cut Copy - Lights and Music.flac",0.0111,0.30,0.0141,0.20,0.9753,0.50,0.9640,0.80,0.0032,0.20,0.0041,0.10
"_imports/20260225_215148/The Seatbelts - Tank! (TV edit).flac",-0.0323,0.30,-0.0468,0.40,0.9763,0.60,0.9569,0.70,-0.0466,0.30,-0.0637,0.50
"_imports/20260225_223512/Makeup and Vanity Set - The Cross.flac",0.0158,0.30,0.0013,0.30,0.9879,0.60,0.9767,0.70,0.0128,0.40,0.0012,0.40
"_imports/20260225_223528/David Byrne & Brian Eno - Strange Overtones.flac",0.0205,0.10,0.0369,0.20,0.9761,0.30,0.9554,0.50,0.0170,0.20,0.0345,0.20
"_imports/20260225_223533/Poolside - Slow Down.flac",0.0510,0.20,0.0511,0.50,0.9346,0.10,0.9380,0.60,0.0586,0.20,0.0589,0.30
"_imports/20260225_223543/Fleetwood Mac - Peacekeeper.flac",-0.0179,0.40,-0.0059,0.70,0.9828,0.60,0.9594,0.60,-0.0136,0.30,0.0003,0.50
"_imports/20260225_233459/Light Asylum - A Certain Person.flac",-0.0255,0.30,-0.0106,0.50,0.9848,0.70,0.9601,0.60,-0.0370,0.40,-0.0198,0.60
"_imports/20260226_002704/Jacob 2-2 - Kent.mp3",-0.0607,0.30,-0.0598,0.50,0.9873,0.50,0.9714,0.40,-0.0558,0.60,-0.0545,0.40
"_imports/20260226_002729/Hall & Oates - Rich Girl.flac",0.1027,0.40,0.0874,0.60,0.9840,0.60,0.9811,0.60,0.0999,0.40,0.0843,0.60
"_imports/20260226_015919/Diskjokke - Staying In.flac",-0.0435,0.30,-0.0236,0.30,0.9688,0.50,0.9588,0.50,-0.0722,0.20,-0.0554,0.00
"_imports/20260226_150429/Ruby Haunt - Video Dreams.flac",0.0157,0.40,0.0021,0.40,0.9835,0.50,0.9700,0.50,0.0077,0.40,-0.0060,0.40
"_imports/20260226_150430/TVAM - Porsche Majeure.flac",0.0107,0.20,0.0127,0.20,0.9916,0.70,0.9692,0.70,0.0064,0.20,0.0111,0.20
"_imports/20260226_150446/Melt Yourself Down - Fix My Life.flac",-0.0062,0.40,-0.0133,0.50,0.9797,0.30,0.9680,0.60,-0.0094,0.40,-0.0166,0.40
"_imports/20260226_150452/Goat Girl - Where Do We Go From Here_.flac",0.0243,0.20,-0.0022,0.20,0.9662,0.50,0.9492,0.60,0.0067,0.30,-0.0182,0.10
"_imports/20260226_150456/Still Corners - The Trip.flac",0.0288,0.30,0.0327,0.40,0.9799,0.70,0.9780,0.80,0.0120,0.30,0.0179,0.40
"_imports/20260226_150458/Teleman - Submarine Life.flac",-0.0014,0.30,-0.0119,0.20,0.9747,0.40,0.9731,0.50,0.0004,0.10,-0.0088,0.10
"_imports/20260226_150502/YACHT - Psychic City (Classixx Remix).flac",0.0147,0.30,0.0024,0.30,0.9746,0.50,0.9538,0.40,0.0128,0.10,0.0004,0.30
"_imports/20260226_160054/De Lux - Else.flac",0.0131,0.10,0.0040,0.10,0.9722,0.30,0.9530,0.80,-0.0060,0.20,-0.0156,0.10
"_imports/20260226_160109/James Holden - Blackpool Late Eighties.flac",-0.0739,0.10,-0.0742,0.30,0.9849,0.60,0.9688,0.50,-0.0719,0.10,-0.0716,0.20
"_imports/20260226_182545/Nation of Language - Across That Fine Line.flac",0.0186,0.20,0.0111,0.20,0.9892,0.60,0.9708,0.90,0.0260,0.40,0.0187,0.40
"_imports/20260228_040634/Melody's Echo Chamber - Mount Hopeless.flac",0.0428,0.00,0.0242,0.10,0.9812,0.30,0.9506,0.40,0.0446,0.30,0.0312,0.10
"_imports/20260228_040638/Ulrich Schnauss & Jonas Munk - Asteroid 2467 (single version).flac",0.0062,0.50,-0.0081,0.60,0.9955,0.80,0.9885,0.60,0.0042,0.60,-0.0103,0.60
"bittertv/the music of the now age/10 combat home electronics.mp3",0.0569,0.50,0.0530,0.40,0.9920,0.60,0.9861,0.60,0.0502,0.50,0.0472,0.40
"brothomstates/winterschlaf/11 in.mp3",0.0323,0.30,0.0379,0.50,0.9941,0.40,0.9931,0.70,0.0303,0.40,0.0357,0.30
"cLOUDDEAD/Dead Dogs Two/Dead Dogs Two (Boards Of Canada Remix).mp3",-0.0526,0.40,-0.0449,0.40,0.9480,0.30,0.9085,0.40,-0.0576,0.40,-0.0488,0.20
"dBridge/Exit Records Presents - Mosaic Vol. 1/1-06 Rendezvous.mp3",0.0538,0.20,0.0556,0.30,0.9875,0.60,0.9781,0.60,0.0539,0.20,0.0557,0.30
"freezepop/Fancy Ultra Fresh/08 duct tape my heart.mp3",-0.0601,0.40,-0.0543,0.40,0.9843,0.70,0.9603,0.30,-0.0615,0.30,-0.0518,0.20
"freezepop/Unknown Album/supersprode.mp3",-0.0984,0.60,-0.0809,0.50,0.9936,0.70,0.9741,0.70,-0.0986,0.60,-0.0809,0.40
"ilkae/Bring Extra Dragons/14 Smok Battle.mp3",-0.0503,0.30,-0.0594,0.40,0.9851,0.40,0.9763,0.60,-0.0312,0.30,-0.0385,0.10
"ilkae/formal format/04 - locate cycle.mp3",-0.0502,0.50,-0.0501,0.50,0.9970,0.50,0.9898,0.50,-0.0478,0.40,-0.0479,0.20
"malewarlock/the music of the now age/08 lagoon serenade.mp3",0.0126,0.30,0.0209,0.60,0.9959,0.50,0.9906,0.70,0.0150,0.30,0.0222,0.40
"m\u00fam/Go Go Smear The Poison Ivy/02 A Little Bit, Sometimes.mp3",0.0048,0.20,-0.0030,0.20,0.9679,0.40,0.9543,0.30,-0.0023,0.10,-0.0097,0.00
"m\u00fam/Summer Make Good/03 Nightly Cares.mp3",0.0041,0.50,-0.0315,0.60,0.9686,0.60,0.9510,0.50,0.0045,0.50,-0.0303,0.30
"nouvelle vague/Band A'part/12 Let Me Go.mp3",-0.0342,0.30,-0.0195,0.40,0.9608,0.20,0.9533,0.60,-0.0503,0.50,-0.0351,0.30
"nullsleep/www.nullsleep.com/depeche mode gameboy megamix!.mp3",0.0073,0.40,0.0154,0.60,0.9916,0.70,0.9834,0.80,-0.0020,0.50,0.0055,0.70
"ochre/http___www.ochremusic.com_/Ourcade.mp3",-0.0856,0.30,-0.0704,0.50,0.9596,0.50,0.9646,0.70,-0.0718,0.30,-0.0583,0.20
"orthodontrix/first visit/04 wax bite.mp3",0.0149,0.40,-0.0056,0.50,0.9853,0.40,0.9838,0.50,0.0072,0.50,-0.0125,0.40
"the russian futurists/Let's Get Ready to Crumble/05 A Telegram From the Future.mp3",0.0037,0.20,0.0091,0.30,0.9872,0.60,0.9855,0.70,0.0005,0.10,0.0086,0.20
"vivien goldman/Disco Not Disco (Post Punk, Electro & Leftfield Disco Classics)/01 launderette.mp3",-0.0516,0.20,-0.0397,0.40,0.9845,0.50,0.9728,0.70,-0.0403,0.10,-0.0274,0.20
"\u83c5\u91ce\u3088\u3046\u5b50/COWBOY BEBOP - Vitaminless/08 Black Coffee.mp3",-0.0510,0.50,-0.0396,0.60,0.9628,0.80,0.9490,0.70,-0.0550,0.30,-0.0419,0.40
